{
  "minecraft:recipes/transportation/rail": {
    "criteria": {
      "has_minecart": "2022-12-29 16:15:04 +0100"
    },
    "done": true
  },
  "minecraft:recipes/transportation/tnt_minecart": {
    "criteria": {
      "has_minecart": "2022-12-29 16:15:04 +0100"
    },
    "done": true
  },
  "minecraft:recipes/transportation/furnace_minecart": {
    "criteria": {
      "has_minecart": "2022-12-29 16:15:04 +0100"
    },
    "done": true
  },
  "minecraft:recipes/transportation/hopper_minecart": {
    "criteria": {
      "has_minecart": "2022-12-29 16:15:04 +0100"
    },
    "done": true
  },
  "minecraft:recipes/transportation/chest_minecart": {
    "criteria": {
      "has_minecart": "2022-12-29 16:15:04 +0100"
    },
    "done": true
  },
  "minecraft:adventure/adventuring_time": {
    "criteria": {
      "minecraft:snowy_slopes": "2022-12-29 16:14:39 +0100",
      "minecraft:snowy_plains": "2022-12-29 16:15:23 +0100"
    },
    "done": false
  },
  "DataVersion": 3218
}