{"stats":{"minecraft:used":{"minecraft:stone_sword":4,"minecraft:purple_candle":2,"minecraft:redstone":1,"minecraft:stone_button":4,"minecraft:grass":2},"minecraft:custom":{"minecraft:time_since_rest":63904,"minecraft:crouch_one_cm":248,"minecraft:damage_taken":776,"minecraft:play_time":93524,"minecraft:sprint_one_cm":13958,"minecraft:deaths":1,"minecraft:walk_one_cm":167814,"minecraft:sneak_time":443,"minecraft:walk_under_water_one_cm":8247,"minecraft:jump":209,"minecraft:minecart_one_cm":42900,"minecraft:damage_dealt":184,"minecraft:leave_game":16,"minecraft:walk_on_water_one_cm":245,"minecraft:time_since_death":63861,"minecraft:total_world_time":93524,"minecraft:fly_one_cm":284961,"minecraft:fall_one_cm":5750},"minecraft:picked_up":{"minecraft:stone_sword":1,"minecraft:grass":876,"minecraft:minecart":2},"minecraft:killed_by":{"minecraft:player":1}},"DataVersion":3218}