{"stats":{"minecraft:killed_by":{"minecraft:stray":1},"minecraft:killed":{"minecraft:zombie":1},"minecraft:custom":{"minecraft:jump":38,"minecraft:open_chest":1,"minecraft:time_since_rest":68,"minecraft:leave_game":1,"minecraft:damage_dealt":200,"minecraft:crouch_one_cm":330,"minecraft:deaths":1,"minecraft:sprint_one_cm":5344,"minecraft:play_time":2301,"minecraft:damage_taken":270,"minecraft:time_since_death":0,"minecraft:walk_one_cm":12776,"minecraft:sneak_time":67,"minecraft:total_world_time":2301,"minecraft:mob_kills":1,"minecraft:fall_one_cm":926,"minecraft:fly_one_cm":680}},"DataVersion":3218}