{"stats":{"minecraft:killed_by":{"minecraft:player":20},"minecraft:broken":{"minecraft:leather_helmet":1},"minecraft:used":{"minecraft:bow":37,"minecraft:shield":23,"minecraft:iron_sword":129},"minecraft:custom":{"minecraft:time_since_rest":1484,"minecraft:open_chest":2,"minecraft:interact_with_smithing_table":1,"minecraft:interact_with_furnace":2,"minecraft:open_shulker_box":2,"minecraft:crouch_one_cm":4250,"minecraft:play_time":48618,"minecraft:sprint_one_cm":123202,"minecraft:interact_with_loom":1,"minecraft:damage_taken":6227,"minecraft:deaths":24,"minecraft:walk_one_cm":221787,"minecraft:damage_blocked_by_shield":1414,"minecraft:sneak_time":2216,"minecraft:walk_under_water_one_cm":785,"minecraft:jump":393,"minecraft:interact_with_brewingstand":1,"minecraft:damage_dealt":1693,"minecraft:leave_game":5,"minecraft:walk_on_water_one_cm":279,"minecraft:time_since_death":850,"minecraft:climb_one_cm":1722,"minecraft:total_world_time":48618,"minecraft:swim_one_cm":478,"minecraft:fall_one_cm":22538,"minecraft:fly_one_cm":27095,"minecraft:player_kills":9}},"DataVersion":3218}