{"stats":{"minecraft:killed":{"minecraft:vindicator":1,"minecraft:allay":1},"minecraft:custom":{"minecraft:time_since_rest":14005,"minecraft:open_chest":1,"minecraft:crouch_one_cm":263,"minecraft:walk_one_cm":46753,"minecraft:play_time":28934,"minecraft:sprint_one_cm":129,"minecraft:damage_taken":90,"minecraft:deaths":2,"minecraft:sneak_time":954,"minecraft:mob_kills":2,"minecraft:drop":13,"minecraft:jump":96,"minecraft:damage_dealt":566,"minecraft:minecart_one_cm":11971,"minecraft:leave_game":1,"minecraft:time_since_death":13977,"minecraft:total_world_time":28934,"minecraft:climb_one_cm":611,"minecraft:damage_resisted":700,"minecraft:fall_one_cm":5106,"minecraft:fly_one_cm":165061},"minecraft:dropped":{"minecraft:vindicator_spawn_egg":2,"minecraft:iron_bars":3,"minecraft:dark_oak_log":1,"minecraft:torch":1,"minecraft:yellow_dye":3,"minecraft:cocoa_beans":3},"minecraft:used":{"minecraft:torch":12,"minecraft:diamond_sword":10,"minecraft:iron_bars":111,"minecraft:flint_and_steel":1,"minecraft:chiseled_deepslate":12,"minecraft:dark_oak_log":31,"minecraft:oak_stairs":8,"minecraft:oak_sign":1,"minecraft:chiseled_quartz_block":185,"minecraft:tinted_glass":68,"minecraft:allay_spawn_egg":1,"minecraft:vindicator_spawn_egg":1,"minecraft:obsidian":12,"minecraft:warden_spawn_egg":1},"minecraft:picked_up":{"minecraft:vindicator_spawn_egg":2,"minecraft:torch":4,"minecraft:filled_map":1,"minecraft:dark_oak_log":1,"minecraft:iron_bars":3}},"DataVersion":3218}