{"stats":{"minecraft:picked_up":{"minecraft:iron_chestplate":1,"minecraft:torch":4,"minecraft:shield":1,"minecraft:gunpowder":2,"minecraft:string":1,"minecraft:leather_helmet":1,"minecraft:iron_leggings":1,"minecraft:arrow":3,"minecraft:bone":2,"minecraft:oak_sign":3,"minecraft:bow":1,"minecraft:oak_button":4,"minecraft:iron_boots":1},"minecraft:dropped":{"minecraft:oak_button":1},"minecraft:custom":{"minecraft:time_since_rest":25696,"minecraft:open_enderchest":1,"minecraft:inspect_dropper":2,"minecraft:sprint_one_cm":90667,"minecraft:damage_taken":2661,"minecraft:walk_one_cm":361204,"minecraft:mob_kills":2,"minecraft:interact_with_anvil":2,"minecraft:drop":1,"minecraft:inspect_hopper":4,"minecraft:minecart_one_cm":44035,"minecraft:damage_dealt":400,"minecraft:fly_one_cm":891033,"minecraft:open_chest":7,"minecraft:crouch_one_cm":1147,"minecraft:play_time":129597,"minecraft:interact_with_loom":1,"minecraft:deaths":8,"minecraft:sneak_time":3482,"minecraft:walk_under_water_one_cm":9225,"minecraft:aviate_one_cm":4414844,"minecraft:jump":984,"minecraft:leave_game":4,"minecraft:time_since_death":25668,"minecraft:walk_on_water_one_cm":1403,"minecraft:total_world_time":129597,"minecraft:climb_one_cm":1978,"minecraft:fall_one_cm":35320},"minecraft:killed_by":{"minecraft:creeper":1},"minecraft:used":{"minecraft:trident":7,"minecraft:yellow_banner":458,"minecraft:spruce_slab":6,"minecraft:dark_oak_sign":4,"minecraft:oak_sign":2,"minecraft:leather_helmet":1,"minecraft:iron_boots":1,"minecraft:golden_carrot":1,"minecraft:iron_chestplate":1,"minecraft:torch":1,"minecraft:jungle_wood":4,"minecraft:anvil":2,"minecraft:rail":6,"minecraft:cobblestone":7,"minecraft:bow":1,"minecraft:loom":1,"minecraft:andesite":6,"minecraft:minecart":3,"minecraft:iron_leggings":1},"minecraft:killed":{"minecraft:spider":1,"minecraft:creeper":1}},"DataVersion":3218}