{"stats":{"minecraft:mined":{"minecraft:cyan_wool":1},"minecraft:used":{"minecraft:nether_brick_fence":71,"minecraft:moss_carpet":5,"minecraft:iron_shovel":1,"minecraft:polished_deepslate":299,"minecraft:spruce_slab":712,"minecraft:dispenser":48,"minecraft:ladder":156,"minecraft:oak_sign":75,"minecraft:axolotl_spawn_egg":5,"minecraft:chest":19,"minecraft:donkey_spawn_egg":1,"minecraft:stone":719,"minecraft:zombie_spawn_egg":3,"minecraft:warped_sign":35,"minecraft:grass":1,"minecraft:bell":1,"minecraft:mossy_stone_brick_slab":13,"minecraft:player_head":2,"minecraft:waxed_weathered_cut_copper_stairs":12,"minecraft:sculk_sensor":18,"minecraft:spruce_leaves":170,"minecraft:debug_stick":9,"minecraft:soul_sand":16,"minecraft:cut_copper":18,"minecraft:prismarine_brick_stairs":1,"minecraft:acacia_sapling":4,"minecraft:cyan_wool":9,"minecraft:snowball":84,"minecraft:obsidian":136,"minecraft:polished_deepslate_stairs":3,"minecraft:glow_squid_spawn_egg":17,"minecraft:jungle_sapling":8,"minecraft:glass":423,"minecraft:honey_block":37,"minecraft:mangrove_log":21,"minecraft:bricks":100,"minecraft:villager_spawn_egg":59,"minecraft:red_wool":383,"minecraft:lantern":9,"minecraft:grass_block":266,"minecraft:polished_andesite_stairs":27,"minecraft:dark_oak_slab":107,"minecraft:hopper_minecart":60,"minecraft:dark_oak_button":4,"minecraft:stone_brick_stairs":634,"minecraft:stone_bricks":2030,"minecraft:item_frame":84,"minecraft:bedrock":62,"minecraft:repeater":114,"minecraft:redstone_lamp":88,"minecraft:snow":999,"minecraft:magma_block":70,"minecraft:brown_carpet":12,"minecraft:hay_block":2,"minecraft:scaffolding":18,"minecraft:oak_sapling":2,"minecraft:oxidized_cut_copper_stairs":1,"minecraft:pearlescent_froglight":2,"minecraft:oak_chest_boat":1,"minecraft:chiseled_polished_blackstone":22,"minecraft:emerald_ore":1,"minecraft:dark_oak_stairs":16,"minecraft:diorite":386,"minecraft:end_rod":7,"minecraft:end_stone_bricks":2,"minecraft:cow_spawn_egg":1,"minecraft:dropper":22,"minecraft:spruce_door":1,"minecraft:brick_wall":16,"minecraft:dark_oak_sign":1,"minecraft:acacia_trapdoor":3,"minecraft:powered_rail":1327,"minecraft:oak_planks":44,"minecraft:cactus":59,"minecraft:redstone_block":383,"minecraft:oak_leaves":10,"minecraft:white_wool":57,"minecraft:sand":5,"minecraft:loom":2,"minecraft:yellow_concrete":83,"minecraft:blue_ice":96,"minecraft:dripstone_block":5,"minecraft:ochre_froglight":240,"minecraft:note_block":24,"minecraft:end_stone":19,"minecraft:lightning_rod":15,"minecraft:birch_fence":10,"minecraft:creeper_spawn_egg":38,"minecraft:redstone_torch":79,"minecraft:sticky_piston":40,"minecraft:lever":134,"minecraft:black_concrete":727,"minecraft:daylight_detector":1,"minecraft:mangrove_door":1,"minecraft:dark_oak_log":203,"minecraft:heavy_weighted_pressure_plate":12,"minecraft:string":9,"minecraft:barrier":2,"minecraft:stone_button":28,"minecraft:iron_door":19,"minecraft:deepslate":42,"minecraft:gravel":1,"minecraft:polished_andesite_slab":11,"minecraft:jungle_sign":5,"minecraft:grindstone":1,"minecraft:stripped_oak_wood":4,"minecraft:chain":16,"minecraft:andesite":366,"minecraft:smooth_stone_slab":26,"minecraft:ice":4,"minecraft:waxed_cut_copper_stairs":185,"minecraft:white_concrete":145,"minecraft:warped_button":3,"minecraft:bone_meal":14,"minecraft:purple_wool":82,"minecraft:cobweb":19,"minecraft:oak_trapdoor":22,"minecraft:trident":20,"minecraft:netherite_sword":177,"minecraft:iron_bars":7,"minecraft:crimson_fence":2,"minecraft:acacia_log":4,"minecraft:orange_concrete":218,"minecraft:flint_and_steel":357,"minecraft:armor_stand":1,"minecraft:redstone":544,"minecraft:zombie_villager_spawn_egg":32,"minecraft:spruce_planks":201,"minecraft:tinted_glass":29,"minecraft:mangrove_fence":2,"minecraft:structure_block":15,"minecraft:orange_stained_glass":9,"minecraft:torch":556,"minecraft:ancient_debris":62,"minecraft:dirt":310,"minecraft:target":2,"minecraft:anvil":4,"minecraft:white_carpet":45,"minecraft:hopper":82,"minecraft:spruce_stairs":380,"minecraft:crimson_hyphae":2,"minecraft:warped_door":2,"minecraft:spruce_fence":18,"minecraft:granite":20,"minecraft:allay_spawn_egg":11,"minecraft:blue_concrete":6,"minecraft:oak_fence_gate":2,"minecraft:polished_diorite":4,"minecraft:stone_brick_slab":192,"minecraft:dark_oak_planks":366,"minecraft:wooden_axe":7,"minecraft:sea_lantern":101,"minecraft:waxed_cut_copper":2,"minecraft:iron_block":43,"minecraft:oak_stairs":1,"minecraft:brick_stairs":2,"minecraft:slime_block":488,"minecraft:spruce_button":5,"minecraft:spawner":364,"minecraft:chicken_spawn_egg":5,"minecraft:barrel":17,"minecraft:blaze_spawn_egg":1,"minecraft:tripwire_hook":10,"minecraft:glowstone":177,"minecraft:tall_grass":2,"minecraft:emerald_block":2,"minecraft:iron_trapdoor":56,"minecraft:soul_soil":8,"minecraft:minecart":206,"minecraft:stone_pressure_plate":14,"minecraft:red_dye":1,"minecraft:observer":355,"minecraft:powder_snow_bucket":188,"minecraft:command_block_minecart":3,"minecraft:calcite":1,"minecraft:water_bucket":215,"minecraft:dirt_path":3,"minecraft:snow_block":392,"minecraft:cyan_candle":1,"minecraft:polished_andesite":4,"minecraft:lime_wool":1,"minecraft:iron_golem_spawn_egg":1,"minecraft:spruce_fence_gate":75,"minecraft:beacon":4,"minecraft:glow_ink_sac":3,"minecraft:cobblestone_slab":2,"minecraft:glow_item_frame":1416,"minecraft:jungle_wood":1,"minecraft:rail":818,"minecraft:comparator":19,"minecraft:oak_slab":14,"minecraft:tnt":171,"minecraft:red_bed":2,"minecraft:phantom_spawn_egg":57,"minecraft:birch_sign":102,"minecraft:sculk_shrieker":21,"minecraft:campfire":5,"minecraft:white_bed":5,"minecraft:endermite_spawn_egg":115,"minecraft:spruce_log":234,"minecraft:dark_oak_door":5,"minecraft:oak_log":538,"minecraft:mud":148,"minecraft:piston":32,"minecraft:netherite_block":285,"minecraft:light":2,"minecraft:activator_rail":28,"minecraft:black_wool":5,"minecraft:waxed_exposed_cut_copper_stairs":1,"minecraft:command_block":137,"minecraft:oak_button":2,"minecraft:pig_spawn_egg":6,"minecraft:map":1,"minecraft:detector_rail":34,"minecraft:spruce_trapdoor":174,"minecraft:crimson_sign":1,"minecraft:cobblestone":15,"minecraft:acacia_pressure_plate":1,"minecraft:red_banner":38,"minecraft:bucket":15,"minecraft:chain_command_block":81,"minecraft:glass_pane":96,"minecraft:repeating_command_block":30,"minecraft:end_portal_frame":95,"minecraft:polished_blackstone_button":7,"minecraft:goat_spawn_egg":6,"minecraft:stripped_oak_log":27,"minecraft:smooth_stone":18,"minecraft:splash_potion":112,"minecraft:soul_torch":151},"minecraft:killed_by":{"minecraft:creeper":5,"minecraft:zombie":5,"minecraft:player":1,"minecraft:stray":1,"minecraft:enderman":1,"minecraft:ender_dragon":1,"minecraft:skeleton":1},"minecraft:killed":{"minecraft:chicken":3,"minecraft:axolotl":2,"minecraft:pig":1,"minecraft:sheep":1,"minecraft:goat":2,"minecraft:zombie":6,"minecraft:zoglin":1,"minecraft:rabbit":1},"minecraft:dropped":{"minecraft:rail":2,"minecraft:grass":1112,"minecraft:yellow_dye":574,"minecraft:snowball":157,"minecraft:sugar":44,"minecraft:purpur_block":1,"minecraft:lever":2,"minecraft:lime_wool":1,"minecraft:ladder":1,"minecraft:powered_rail":1,"minecraft:splash_potion":1,"minecraft:firework_rocket":1,"minecraft:water_bucket":1,"minecraft:wheat_seeds":1,"minecraft:tnt":2,"minecraft:minecart":6,"minecraft:yellow_concrete":1,"minecraft:command_block":6,"minecraft:grass_block":1,"minecraft:iron_block":1,"minecraft:redstone_block":2,"minecraft:redstone":2,"minecraft:orange_concrete":1,"minecraft:spruce_fence":1,"minecraft:oak_sign":3,"minecraft:filled_map":20,"minecraft:snow":1,"minecraft:netherite_block":7,"minecraft:andesite":1,"minecraft:stone_pressure_plate":1,"minecraft:birch_sign":1,"minecraft:magma_block":1},"minecraft:custom":{"minecraft:open_barrel":3,"minecraft:open_shulker_box":44,"minecraft:bell_ring":6,"minecraft:leave_game":117,"minecraft:time_since_death":244370,"minecraft:damage_resisted":18062,"minecraft:sprint_one_cm":2924958,"minecraft:drop":740,"minecraft:play_time":4790100,"minecraft:deaths":118,"minecraft:jump":26871,"minecraft:walk_on_water_one_cm":172988,"minecraft:interact_with_cartography_table":1,"minecraft:interact_with_loom":4,"minecraft:sleep_in_bed":10,"minecraft:damage_dealt":2405,"minecraft:interact_with_beacon":1,"minecraft:player_kills":2,"minecraft:crouch_one_cm":70699,"minecraft:interact_with_smoker":1,"minecraft:inspect_dispenser":17,"minecraft:inspect_dropper":31,"minecraft:interact_with_anvil":8,"minecraft:mob_kills":22,"minecraft:inspect_hopper":50,"minecraft:climb_one_cm":68011,"minecraft:walk_one_cm":2967810,"minecraft:sneak_time":123296,"minecraft:walk_under_water_one_cm":169229,"minecraft:boat_one_cm":83876,"minecraft:total_world_time":4790100,"minecraft:tune_noteblock":149,"minecraft:time_since_rest":244397,"minecraft:damage_taken":10852,"minecraft:minecart_one_cm":2483193,"minecraft:swim_one_cm":50730,"minecraft:fly_one_cm":79467424,"minecraft:open_chest":96,"minecraft:fall_one_cm":153431},"minecraft:picked_up":{"minecraft:redstone_block":2,"minecraft:anvil":42,"minecraft:acacia_pressure_plate":1,"minecraft:string":5,"minecraft:sticky_piston":1,"minecraft:oak_sign":10,"minecraft:comparator":4,"minecraft:cobbled_deepslate":57,"minecraft:crimson_fence":2,"minecraft:spruce_planks":3,"minecraft:acacia_sign":64,"minecraft:redstone_torch":8,"minecraft:dark_oak_door":1,"minecraft:furnace":1,"minecraft:big_dripleaf":138,"minecraft:torch":20,"minecraft:porkchop":2,"minecraft:warped_button":2,"minecraft:diorite":12,"minecraft:yellow_banner":1,"minecraft:cactus":1,"minecraft:rotten_flesh":3,"minecraft:command_block":7,"minecraft:iron_block":1,"minecraft:glowstone":1,"minecraft:snowball":224,"minecraft:cobblestone":73,"minecraft:barrier":1,"minecraft:iron_door":2,"minecraft:repeater":21,"minecraft:water_bucket":1,"minecraft:andesite":1,"minecraft:powder_snow_bucket":2,"minecraft:dirt":27,"minecraft:glass":1,"minecraft:bone":1,"minecraft:wheat_seeds":2,"minecraft:bell":2,"minecraft:birch_wood":29,"minecraft:rabbit":1,"minecraft:bamboo":243,"minecraft:powered_rail":475,"minecraft:enderman_spawn_egg":1451,"minecraft:sand":60,"minecraft:grass_block":2,"minecraft:netherite_block":4,"minecraft:sugar":7,"minecraft:polished_blackstone_pressure_plate":1,"minecraft:lever":17,"minecraft:polished_blackstone_button":8,"minecraft:granite":11,"minecraft:grass":31938,"minecraft:spruce_sign":2,"minecraft:bricks":49,"minecraft:cocoa_beans":6,"minecraft:azure_bluet":13,"minecraft:splash_potion":3,"minecraft:ladder":4,"minecraft:redstone_lamp":2,"minecraft:heavy_weighted_pressure_plate":472,"minecraft:orange_concrete":1,"minecraft:acacia_door":245,"minecraft:snow":3,"minecraft:white_carpet":8,"minecraft:item_frame":1084,"minecraft:candle":1,"minecraft:detector_rail":1,"minecraft:cyan_wool":1,"minecraft:observer":4,"minecraft:light_gray_wool":1,"minecraft:minecart":14,"minecraft:tinted_glass":1,"minecraft:glow_item_frame":1030,"minecraft:spruce_fence":1,"minecraft:stone_button":7,"minecraft:redstone":56,"minecraft:stone_pressure_plate":70,"minecraft:tnt":2,"minecraft:oak_chest_boat":4,"minecraft:mutton":3,"minecraft:rail":81,"minecraft:white_wool":22,"minecraft:glow_ink_sac":2,"minecraft:tripwire_hook":2,"minecraft:leather":7,"minecraft:yellow_dye":111,"minecraft:ochre_froglight":2,"minecraft:filled_map":1965,"minecraft:oak_log":1,"minecraft:gunpowder":2,"minecraft:white_banner":21,"minecraft:rabbit_hide":1,"minecraft:dark_oak_stairs":9,"minecraft:scaffolding":1,"minecraft:dark_oak_slab":12,"minecraft:yellow_concrete":1,"minecraft:dripstone_block":2,"minecraft:gravel":1,"minecraft:soul_torch":4,"minecraft:red_banner":10,"minecraft:spider_eye":1,"minecraft:sea_lantern":2,"minecraft:firework_rocket":7710,"minecraft:birch_sign":24,"minecraft:oak_button":3,"minecraft:hopper":2}},"DataVersion":3218}