{"stats":{"minecraft:picked_up":{"minecraft:redstone_block":1,"minecraft:anvil":2,"minecraft:structure_block":1,"minecraft:enchanted_book":1,"minecraft:heavy_weighted_pressure_plate":14,"minecraft:string":1,"minecraft:end_stone_brick_wall":1,"minecraft:snow":2,"minecraft:item_frame":312,"minecraft:activator_rail":11,"minecraft:cobbled_deepslate":2,"minecraft:gold_nugget":1,"minecraft:netherite_sword":1,"minecraft:iron_golem_spawn_egg":63,"minecraft:jungle_sapling":1,"minecraft:poppy":9,"minecraft:minecart":4,"minecraft:blue_shulker_box":2,"minecraft:chest":1,"minecraft:stick":3,"minecraft:glow_item_frame":9119,"minecraft:torch":10,"minecraft:porkchop":4,"minecraft:stone_button":7,"minecraft:redstone":8,"minecraft:gray_shulker_box":1,"minecraft:tnt":15,"minecraft:arrow":4,"minecraft:repeating_command_block":1,"minecraft:red_shulker_box":3,"minecraft:command_block":2,"minecraft:rotten_flesh":8,"minecraft:music_disc_ward":155,"minecraft:end_rod":1,"minecraft:saddle":7,"minecraft:oak_chest_boat":2,"minecraft:mutton":2,"minecraft:iron_bars":7,"minecraft:snowball":167,"minecraft:white_wool":1,"minecraft:cobblestone":12,"minecraft:golden_carrot":122,"minecraft:leather":1,"minecraft:filled_map":7151,"minecraft:dirt":2,"minecraft:bone":1,"minecraft:wheat_seeds":3,"minecraft:iron_ingot":40,"minecraft:glowstone_dust":3,"minecraft:iron_sword":1,"minecraft:dandelion":3,"minecraft:ender_dragon_spawn_egg":320,"minecraft:enderman_spawn_egg":7725,"minecraft:light_blue_shulker_box":2,"minecraft:red_banner":1,"minecraft:spruce_door":2,"minecraft:firework_rocket":1360,"minecraft:dispenser":1,"minecraft:honey_block":1,"minecraft:lever":6,"minecraft:polished_blackstone_button":1,"minecraft:granite":4,"minecraft:grass":120009,"minecraft:golden_apple":62,"minecraft:oak_button":128,"minecraft:chorus_fruit":42,"minecraft:coal":6,"minecraft:ender_pearl":204},"minecraft:killed":{"minecraft:vex":1,"minecraft:giant":4,"minecraft:spider":1,"minecraft:endermite":1,"minecraft:skeleton":1,"minecraft:zombie_villager":3,"minecraft:iron_golem":4,"minecraft:ender_dragon":13,"minecraft:ravager":3,"minecraft:sheep":1,"minecraft:enderman":143},"minecraft:broken":{"minecraft:leather_helmet":4,"minecraft:iron_boots":1,"minecraft:iron_leggings":1},"minecraft:mined":{"minecraft:red_shulker_box":1,"minecraft:wall_torch":1,"minecraft:tnt":15},"minecraft:custom":{"minecraft:inspect_dropper":8,"minecraft:interact_with_anvil":6,"minecraft:mob_kills":177,"minecraft:inspect_hopper":17,"minecraft:interact_with_crafting_table":4,"minecraft:open_barrel":2,"minecraft:open_shulker_box":44,"minecraft:leave_game":72,"minecraft:time_since_death":2159,"minecraft:climb_one_cm":15459,"minecraft:damage_resisted":12288,"minecraft:sprint_one_cm":824493,"minecraft:walk_one_cm":1451717,"minecraft:damage_blocked_by_shield":20910,"minecraft:drop":239,"minecraft:damage_dealt_absorbed":337,"minecraft:play_time":1005912,"minecraft:sneak_time":41838,"minecraft:deaths":277,"minecraft:walk_under_water_one_cm":17878,"minecraft:boat_one_cm":127361,"minecraft:jump":8477,"minecraft:interact_with_blast_furnace":3,"minecraft:walk_on_water_one_cm":14170,"minecraft:total_world_time":1005912,"minecraft:interact_with_furnace":1,"minecraft:tune_noteblock":16,"minecraft:sleep_in_bed":3,"minecraft:time_since_rest":2179,"minecraft:open_enderchest":12,"minecraft:damage_taken":26589,"minecraft:damage_absorbed":314,"minecraft:damage_dealt":53983,"minecraft:minecart_one_cm":217970,"minecraft:interact_with_beacon":1,"minecraft:swim_one_cm":3371,"minecraft:fly_one_cm":5729816,"minecraft:player_kills":62,"minecraft:open_chest":153,"minecraft:crouch_one_cm":58294,"minecraft:fall_one_cm":112139,"minecraft:inspect_dispenser":61,"minecraft:horse_one_cm":159433},"minecraft:dropped":{"minecraft:blue_shulker_box":1,"minecraft:enchanted_book":1,"minecraft:iron_ingot":16,"minecraft:iron_sword":2,"minecraft:wheat_seeds":1,"minecraft:ender_pearl":89,"minecraft:iron_golem_spawn_egg":63,"minecraft:glow_item_frame":244,"minecraft:command_block":1,"minecraft:polished_blackstone_button":1,"minecraft:enderman_spawn_egg":1408,"minecraft:coal":6,"minecraft:golden_apple":62,"minecraft:item_frame":311,"minecraft:stick":2,"minecraft:red_shulker_box":1,"minecraft:grass":3442,"minecraft:golden_carrot":122,"minecraft:dispenser":1,"minecraft:snowball":124,"minecraft:lever":1,"minecraft:cocoa_beans":65,"minecraft:ender_dragon_spawn_egg":64,"minecraft:structure_block":1,"minecraft:glowstone_dust":3,"minecraft:filled_map":47,"minecraft:snow":1,"minecraft:honey_block":1,"minecraft:chest":1,"minecraft:gray_shulker_box":1,"minecraft:splash_potion":1,"minecraft:firework_rocket":1024},"minecraft:used":{"minecraft:oak_fence":8,"minecraft:netherite_sword":147,"minecraft:jungle_leaves":35,"minecraft:flint_and_steel":78,"minecraft:dispenser":12,"minecraft:ender_dragon_spawn_egg":11,"minecraft:carved_pumpkin":10,"minecraft:red_concrete":3,"minecraft:armor_stand":26,"minecraft:spruce_slab":1,"minecraft:redstone":36,"minecraft:zombie_villager_spawn_egg":2,"minecraft:light_blue_terracotta":6,"minecraft:chest":1,"minecraft:spruce_planks":3,"minecraft:shield":419,"minecraft:ender_chest":4,"minecraft:stone":20,"minecraft:iron_sword":290,"minecraft:zombie_spawn_egg":13,"minecraft:debug_stick":39,"minecraft:torch":1,"minecraft:end_stone_brick_wall":2,"minecraft:dragon_egg":47,"minecraft:dirt":20,"minecraft:anvil":5,"minecraft:ancient_debris":1,"minecraft:hopper":1,"minecraft:cobblestone_wall":4,"minecraft:obsidian":21,"minecraft:warden_spawn_egg":12,"minecraft:glass":7,"minecraft:stone_brick_slab":2,"minecraft:red_shulker_box":4,"minecraft:honey_block":1,"minecraft:lava_bucket":21,"minecraft:grass_block":17,"minecraft:lantern":2,"minecraft:iron_axe":32,"minecraft:slime_block":8,"minecraft:spawner":6,"minecraft:dark_oak_slab":1,"minecraft:stone_brick_stairs":1,"minecraft:stone_bricks":4,"minecraft:bedrock":25,"minecraft:golden_sword":9,"minecraft:bow":268,"minecraft:golden_carrot":13,"minecraft:snow":248,"minecraft:blue_shulker_box":1,"minecraft:podzol":11,"minecraft:minecart":9,"minecraft:infested_cobblestone":2,"minecraft:cooked_beef":5,"minecraft:observer":47,"minecraft:orange_terracotta":1,"minecraft:powder_snow_bucket":251,"minecraft:zombie_horse_spawn_egg":1,"minecraft:water_bucket":1,"minecraft:end_rod":10,"minecraft:light_blue_shulker_box":3,"minecraft:end_stone_bricks":87,"minecraft:spruce_door":2,"minecraft:snow_block":594,"minecraft:chorus_fruit":1,"minecraft:powered_rail":1,"minecraft:oak_planks":2,"minecraft:iron_golem_spawn_egg":36,"minecraft:ender_pearl":28,"minecraft:black_glazed_terracotta":1,"minecraft:redstone_block":61,"minecraft:clay":2,"minecraft:sheep_spawn_egg":4,"minecraft:spruce_fence_gate":1,"minecraft:horse_spawn_egg":2,"minecraft:glow_item_frame":9,"minecraft:golden_apple":10,"minecraft:rail":7,"minecraft:tnt":188,"minecraft:crafting_table":2,"minecraft:blast_furnace":44,"minecraft:crossbow":13,"minecraft:sponge":32,"minecraft:endermite_spawn_egg":234,"minecraft:end_stone":166,"minecraft:redstone_torch":13,"minecraft:oak_log":1,"minecraft:sticky_piston":18,"minecraft:enderman_spawn_egg":48,"minecraft:ender_eye":14,"minecraft:piston":3,"minecraft:lever":12,"minecraft:activator_rail":36,"minecraft:firework_rocket":123,"minecraft:crying_obsidian":1,"minecraft:command_block":7,"minecraft:heavy_weighted_pressure_plate":14,"minecraft:oak_button":8,"minecraft:stone_button":6,"minecraft:map":12,"minecraft:netherite_axe":15,"minecraft:tnt_minecart":2040,"minecraft:spruce_pressure_plate":1,"minecraft:spruce_trapdoor":2,"minecraft:deepslate":45,"minecraft:end_crystal":11,"minecraft:red_banner":3,"minecraft:magenta_glazed_terracotta":1,"minecraft:end_portal_frame":13,"minecraft:oak_boat":14,"minecraft:coarse_dirt":2,"minecraft:splash_potion":42},"minecraft:killed_by":{"minecraft:player":64,"minecraft:skeleton":1},"minecraft:crafted":{"minecraft:firework_rocket":192}},"DataVersion":3218}