{"stats":{"minecraft:broken":{"minecraft:iron_boots":5,"minecraft:iron_chestplate":2,"minecraft:iron_leggings":4,"minecraft:leather_helmet":9,"minecraft:iron_helmet":1},"minecraft:killed":{"minecraft:spider":1,"minecraft:shulker":4,"minecraft:skeleton":1,"minecraft:creeper":2,"minecraft:zombie":1,"minecraft:warden":2,"minecraft:rabbit":1,"minecraft:bat":1},"minecraft:killed_by":{"minecraft:creeper":1,"minecraft:vindicator":2,"minecraft:zombie":1,"minecraft:player":210,"minecraft:iron_golem":1},"minecraft:mined":{"minecraft:red_shulker_box":2,"minecraft:fire":40,"minecraft:birch_sign":1},"minecraft:used":{"minecraft:moss_carpet":6,"minecraft:nether_brick_fence":1,"minecraft:light_blue_stained_glass_pane":757,"minecraft:blue_terracotta":1,"minecraft:red_sand":188,"minecraft:red_sandstone_slab":167,"minecraft:spruce_slab":2588,"minecraft:poppy":3,"minecraft:ladder":59,"minecraft:oak_sign":422,"minecraft:polished_basalt":18,"minecraft:chest":206,"minecraft:shield":200,"minecraft:stone":184,"minecraft:iron_sword":687,"minecraft:zombie_spawn_egg":5,"minecraft:white_shulker_box":5,"minecraft:iron_chestplate":3,"minecraft:debug_stick":56,"minecraft:soul_sand":21,"minecraft:lily_of_the_valley":1,"minecraft:skeleton_spawn_egg":5,"minecraft:blue_stained_glass":9,"minecraft:allium":5,"minecraft:deepslate_tile_slab":349,"minecraft:azure_bluet":5,"minecraft:milk_bucket":1,"minecraft:obsidian":52,"minecraft:warden_spawn_egg":8,"minecraft:big_dripleaf":5,"minecraft:glass":16,"minecraft:lava_bucket":58,"minecraft:bricks":1283,"minecraft:warped_hyphae":78,"minecraft:red_wool":2705,"minecraft:lantern":116,"minecraft:grass_block":617,"minecraft:blue_orchid":4,"minecraft:polished_andesite_stairs":4,"minecraft:packed_mud":3,"minecraft:dark_oak_slab":4329,"minecraft:light_blue_bed":1,"minecraft:stone_brick_stairs":2042,"minecraft:stone_bricks":2561,"minecraft:item_frame":1124,"minecraft:snow":9,"minecraft:magma_block":76,"minecraft:birch_trapdoor":9,"minecraft:reinforced_deepslate":41,"minecraft:red_carpet":53,"minecraft:repeater":11,"minecraft:redstone_lamp":6,"minecraft:bow":2397,"minecraft:brown_carpet":25,"minecraft:sweet_berries":10,"minecraft:mangrove_roots":1,"minecraft:furnace":99,"minecraft:oak_sapling":11,"minecraft:pearlescent_froglight":5,"minecraft:spider_spawn_egg":4,"minecraft:dark_oak_stairs":6364,"minecraft:end_rod":2,"minecraft:spruce_door":39,"minecraft:stripped_birch_log":608,"minecraft:dark_oak_sign":62,"minecraft:acacia_trapdoor":587,"minecraft:powered_rail":1198,"minecraft:oak_planks":1,"minecraft:birch_wood":43,"minecraft:polished_diorite_slab":27,"minecraft:redstone_block":200,"minecraft:sugar_cane":12,"minecraft:oak_leaves":52,"minecraft:white_wool":249,"minecraft:golden_apple":1,"minecraft:netherite_leggings":1,"minecraft:light_blue_concrete":175,"minecraft:loom":20,"minecraft:light_blue_wool":1927,"minecraft:black_banner":2,"minecraft:crossbow":51,"minecraft:yellow_concrete":83,"minecraft:blue_ice":81,"minecraft:netherite_helmet":1,"minecraft:sponge":8,"minecraft:shulker_spawn_egg":4,"minecraft:dripstone_block":18,"minecraft:ochre_froglight":273,"minecraft:stone_brick_wall":15,"minecraft:gray_concrete":18,"minecraft:red_sandstone_wall":70,"minecraft:birch_fence":40,"minecraft:redstone_torch":9,"minecraft:sticky_piston":10,"minecraft:lever":5,"minecraft:green_concrete":1,"minecraft:red_sandstone":13,"minecraft:black_concrete":377,"minecraft:crying_obsidian":24,"minecraft:birch_fence_gate":2,"minecraft:acacia_door":5,"minecraft:birch_slab":101,"minecraft:gray_shulker_box":13,"minecraft:gray_stained_glass_pane":73,"minecraft:light_gray_concrete":1,"minecraft:string":372,"minecraft:barrier":195,"minecraft:stone_button":12,"minecraft:spore_blossom":7,"minecraft:oak_pressure_plate":5,"minecraft:iron_door":12,"minecraft:gravel":5,"minecraft:magenta_stained_glass_pane":7,"minecraft:jungle_sign":1,"minecraft:smooth_red_sandstone_slab":23,"minecraft:grindstone":5,"minecraft:stripped_oak_wood":2,"minecraft:dark_oak_fence":266,"minecraft:smithing_table":17,"minecraft:crimson_door":2,"minecraft:green_concrete_powder":26,"minecraft:chain":181,"minecraft:smooth_stone_slab":354,"minecraft:ice":6,"minecraft:oak_boat":1,"minecraft:waxed_cut_copper_stairs":71,"minecraft:white_concrete":1,"minecraft:coarse_dirt":4,"minecraft:bone_meal":96,"minecraft:cobweb":11,"minecraft:azalea":3,"minecraft:trident":2,"minecraft:orange_concrete_powder":419,"minecraft:netherite_sword":4,"minecraft:iron_bars":78,"minecraft:stone_sword":154,"minecraft:dead_bush":6,"minecraft:orange_concrete":50,"minecraft:flint_and_steel":21,"minecraft:red_concrete":6,"minecraft:armor_stand":1,"minecraft:redstone":84,"minecraft:stripped_warped_stem":1,"minecraft:spruce_planks":587,"minecraft:stripped_birch_wood":44,"minecraft:mangrove_fence":26,"minecraft:structure_block":1,"minecraft:netherrack":23,"minecraft:torch":576,"minecraft:brewing_stand":21,"minecraft:dirt":7,"minecraft:spyglass":1,"minecraft:anvil":37,"minecraft:hopper":8,"minecraft:spruce_stairs":1081,"minecraft:cobblestone_wall":120,"minecraft:glow_lichen":9,"minecraft:spruce_fence":130,"minecraft:blue_concrete":2,"minecraft:mud_brick_stairs":2,"minecraft:fern":5,"minecraft:birch_door":4,"minecraft:shroomlight":55,"minecraft:andesite_wall":12,"minecraft:wooden_axe":6,"minecraft:ravager_spawn_egg":2,"minecraft:red_shulker_box":18,"minecraft:dark_oak_planks":1866,"minecraft:flowering_azalea":4,"minecraft:sea_lantern":818,"minecraft:red_tulip":6,"minecraft:bookshelf":39,"minecraft:waxed_cut_copper":23,"minecraft:iron_axe":8,"minecraft:oak_stairs":92,"minecraft:slime_block":1,"minecraft:spruce_button":2,"minecraft:chicken_spawn_egg":3,"minecraft:iron_boots":4,"minecraft:mud_bricks":3,"minecraft:smooth_basalt":35,"minecraft:bamboo":196,"minecraft:tripwire_hook":10,"minecraft:glowstone":4,"minecraft:soul_soil":10,"minecraft:dark_oak_pressure_plate":28,"minecraft:minecart":61,"minecraft:infested_cobblestone":1,"minecraft:cooked_beef":5,"minecraft:red_dye":2,"minecraft:observer":49,"minecraft:orange_stained_glass_pane":10,"minecraft:powder_snow_bucket":101,"minecraft:iron_leggings":3,"minecraft:pointed_dripstone":83,"minecraft:water_bucket":33,"minecraft:tube_coral_block":13,"minecraft:sandstone_stairs":14,"minecraft:snow_block":90,"minecraft:polished_andesite":16,"minecraft:netherite_chestplate":1,"minecraft:lime_wool":139,"minecraft:mud_brick_slab":35,"minecraft:cartography_table":5,"minecraft:cut_sandstone":12,"minecraft:brown_mushroom":6,"minecraft:glow_ink_sac":11,"minecraft:spruce_fence_gate":46,"minecraft:cauldron":3,"minecraft:white_dye":9,"minecraft:stonecutter":28,"minecraft:sheep_spawn_egg":3,"minecraft:cobblestone_slab":10,"minecraft:vindicator_spawn_egg":18,"minecraft:glow_item_frame":333,"minecraft:rail":215,"minecraft:vine":12,"minecraft:oak_slab":1847,"minecraft:tnt":361,"minecraft:dark_prismarine_slab":39,"minecraft:crafting_table":23,"minecraft:red_bed":47,"minecraft:crimson_trapdoor":1,"minecraft:red_mushroom":5,"minecraft:phantom_spawn_egg":3,"minecraft:birch_sign":765,"minecraft:yellow_stained_glass_pane":31,"minecraft:campfire":4,"minecraft:white_bed":2,"minecraft:painting":17,"minecraft:infested_stone_bricks":17,"minecraft:smooth_red_sandstone_stairs":8,"minecraft:spruce_log":696,"minecraft:dark_oak_door":3,"minecraft:oak_log":7653,"minecraft:blue_stained_glass_pane":17,"minecraft:piston":30,"minecraft:dark_prismarine":9,"minecraft:light":983,"minecraft:activator_rail":20,"minecraft:black_wool":192,"minecraft:oxeye_daisy":6,"minecraft:command_block":14,"minecraft:oak_button":20,"minecraft:pig_spawn_egg":4,"minecraft:magenta_concrete":18,"minecraft:tnt_minecart":48,"minecraft:spruce_pressure_plate":15,"minecraft:detector_rail":16,"minecraft:leather_helmet":2,"minecraft:spruce_trapdoor":16,"minecraft:spruce_sapling":130,"minecraft:green_carpet":1,"minecraft:chiseled_stone_bricks":18,"minecraft:cobblestone":7,"minecraft:acacia_pressure_plate":1,"minecraft:mud_brick_wall":5,"minecraft:white_banner":557,"minecraft:chain_command_block":4,"minecraft:red_banner":793,"minecraft:sandstone_slab":28,"minecraft:glass_pane":551,"minecraft:repeating_command_block":2,"minecraft:stripped_oak_log":284,"minecraft:kelp":8,"minecraft:sculk_catalyst":50,"minecraft:smooth_stone":4,"minecraft:candle":30,"minecraft:jukebox":9,"minecraft:splash_potion":204,"minecraft:pillager_spawn_egg":20},"minecraft:custom":{"minecraft:interact_with_crafting_table":1,"minecraft:open_barrel":1,"minecraft:open_shulker_box":79,"minecraft:leave_game":70,"minecraft:time_since_death":187466,"minecraft:damage_resisted":25040,"minecraft:sprint_one_cm":4244259,"minecraft:damage_blocked_by_shield":8263,"minecraft:drop":618,"minecraft:play_time":4483697,"minecraft:deaths":279,"minecraft:jump":19996,"minecraft:interact_with_brewingstand":1,"minecraft:walk_on_water_one_cm":53906,"minecraft:interact_with_furnace":3,"minecraft:interact_with_cartography_table":1,"minecraft:interact_with_loom":7,"minecraft:sleep_in_bed":12,"minecraft:open_enderchest":3,"minecraft:damage_dealt":36049,"minecraft:interact_with_beacon":1,"minecraft:player_kills":211,"minecraft:crouch_one_cm":78995,"minecraft:inspect_dispenser":1,"minecraft:interact_with_smithing_table":1,"minecraft:inspect_dropper":8,"minecraft:interact_with_anvil":3,"minecraft:mob_kills":17,"minecraft:inspect_hopper":9,"minecraft:climb_one_cm":119564,"minecraft:walk_one_cm":6092565,"minecraft:damage_dealt_absorbed":1184,"minecraft:strider_one_cm":23224,"minecraft:sneak_time":100208,"minecraft:walk_under_water_one_cm":156700,"minecraft:boat_one_cm":41067,"minecraft:interact_with_blast_furnace":1,"minecraft:total_world_time":4483697,"minecraft:tune_noteblock":2,"minecraft:interact_with_stonecutter":1,"minecraft:time_since_rest":187494,"minecraft:damage_taken":72128,"minecraft:damage_absorbed":40,"minecraft:minecart_one_cm":927852,"minecraft:swim_one_cm":38168,"minecraft:fly_one_cm":27251243,"minecraft:open_chest":53,"minecraft:fall_one_cm":341522},"minecraft:dropped":{"minecraft:iron_sword":2,"minecraft:soul_sand":2,"minecraft:repeating_command_block":2,"minecraft:brown_mushroom":1,"minecraft:dark_oak_stairs":2,"minecraft:mud_brick_slab":1,"minecraft:oak_log":3,"minecraft:glow_ink_sac":1,"minecraft:dark_oak_slab":3,"minecraft:sandstone_slab":1,"minecraft:crossbow":130,"minecraft:rail":2,"minecraft:item_frame":5,"minecraft:dirt":3,"minecraft:grass":984,"minecraft:ice":1,"minecraft:stone_button":2,"minecraft:yellow_dye":171,"minecraft:chain":2,"minecraft:dark_oak_planks":1,"minecraft:white_wool":185,"minecraft:netherite_sword":1,"minecraft:obsidian":1,"minecraft:pointed_dripstone":1,"minecraft:oak_planks":1,"minecraft:lime_dye":10,"minecraft:white_bed":1,"minecraft:mangrove_fence":1,"minecraft:sea_lantern":3,"minecraft:birch_trapdoor":2,"minecraft:reinforced_deepslate":1,"minecraft:hopper":1,"minecraft:stone_brick_wall":1,"minecraft:white_dye":15,"minecraft:spruce_slab":1,"minecraft:iron_bars":1,"minecraft:gray_shulker_box":1,"minecraft:powered_rail":4,"minecraft:stone_brick_stairs":2,"minecraft:firework_rocket":245,"minecraft:oak_slab":1,"minecraft:tnt":3,"minecraft:minecart":6,"minecraft:dripstone_block":1,"minecraft:barrier":1,"minecraft:dark_prismarine_slab":1,"minecraft:cobblestone":2,"minecraft:command_block":1,"minecraft:sheep_spawn_egg":1,"minecraft:spruce_door":3,"minecraft:grass_block":4,"minecraft:polished_andesite":1,"minecraft:end_rod":1,"minecraft:cobweb":1,"minecraft:light_blue_wool":2,"minecraft:white_concrete":1,"minecraft:iron_door":1,"minecraft:stripped_birch_log":1,"minecraft:white_banner":6,"minecraft:red_dye":62,"minecraft:mud":1,"minecraft:bucket":1,"minecraft:smooth_basalt":1,"minecraft:redstone":3,"minecraft:snow_block":5,"minecraft:bricks":1,"minecraft:anvil":1,"minecraft:soul_torch":1,"minecraft:dark_oak_sign":1,"minecraft:cocoa_beans":54,"minecraft:red_banner":39,"minecraft:structure_block":1,"minecraft:stripped_oak_log":2,"minecraft:white_shulker_box":1,"minecraft:debug_stick":1,"minecraft:spruce_fence":3,"minecraft:oak_sign":16,"minecraft:glass_pane":1,"minecraft:flint_and_steel":2,"minecraft:light":3,"minecraft:filled_map":15,"minecraft:snow":2,"minecraft:stone":3,"minecraft:powder_snow_bucket":2,"minecraft:spruce_planks":3,"minecraft:oak_boat":1,"minecraft:birch_sign":12,"minecraft:stone_bricks":3,"minecraft:bamboo":64,"minecraft:orange_stained_glass_pane":1,"minecraft:purple_candle":1,"minecraft:magma_block":1},"minecraft:picked_up":{"minecraft:shulker_shell":3,"minecraft:iron_chestplate":4,"minecraft:anvil":5,"minecraft:stone_brick_stairs":1,"minecraft:string":21,"minecraft:iron_leggings":4,"minecraft:shroomlight":1,"minecraft:oak_sign":6,"minecraft:spruce_planks":1,"minecraft:iron_boots":6,"minecraft:tipped_arrow":256,"minecraft:birch_trapdoor":1,"minecraft:torch":13,"minecraft:snow_block":1,"minecraft:gray_shulker_box":1,"minecraft:brown_carpet":7,"minecraft:stone_sword":3,"minecraft:rotten_flesh":1,"minecraft:light_blue_wool":1,"minecraft:netherite_chestplate":2,"minecraft:snowball":16,"minecraft:cooked_beef":28,"minecraft:iron_door":1,"minecraft:powder_snow_bucket":1,"minecraft:netherite_leggings":2,"minecraft:dirt":1,"minecraft:lantern":4,"minecraft:bone":1,"minecraft:bow":5,"minecraft:rabbit":1,"minecraft:bamboo":630,"minecraft:powered_rail":39,"minecraft:oak_planks":3,"minecraft:oak_pressure_plate":4,"minecraft:spectral_arrow":170,"minecraft:blue_terracotta":1,"minecraft:netherite_helmet":2,"minecraft:crossbow":65,"minecraft:grass":7311,"minecraft:golden_apple":8,"minecraft:cocoa_beans":8,"minecraft:splash_potion":1,"minecraft:brown_mushroom":1,"minecraft:shield":5,"minecraft:flint_and_steel":1,"minecraft:item_frame":74,"minecraft:netherite_sword":2,"minecraft:minecart":23,"minecraft:sugar_cane":1,"minecraft:egg":1,"minecraft:glow_item_frame":119,"minecraft:white_dye":2,"minecraft:stone_button":2,"minecraft:redstone":10,"minecraft:purple_candle":5,"minecraft:arrow":1,"minecraft:red_shulker_box":4,"minecraft:allay_spawn_egg":5,"minecraft:totem_of_undying":2,"minecraft:white_shulker_box":109,"minecraft:white_wool":27,"minecraft:rail":9,"minecraft:stripped_oak_log":2,"minecraft:leather":7,"minecraft:yellow_dye":71,"minecraft:filled_map":47,"minecraft:oak_log":1,"minecraft:gunpowder":2,"minecraft:deepslate_tile_slab":1,"minecraft:white_banner":4,"minecraft:stone_bricks":3,"minecraft:kelp":16,"minecraft:rabbit_hide":1,"minecraft:iron_sword":6,"minecraft:sculk_catalyst":6,"minecraft:milk_bucket":1,"minecraft:gravel":9,"minecraft:soul_torch":2,"minecraft:red_banner":17,"minecraft:spruce_sapling":1,"minecraft:sea_lantern":1,"minecraft:spruce_door":3,"minecraft:leather_helmet":4,"minecraft:firework_rocket":920,"minecraft:lime_dye":2,"minecraft:birch_sign":6,"minecraft:oak_button":1}},"DataVersion":3218}