{"stats":{"minecraft:broken":{"minecraft:iron_boots":3,"minecraft:iron_chestplate":1,"minecraft:iron_leggings":1,"minecraft:leather_helmet":5,"minecraft:stone_sword":2,"minecraft:iron_helmet":1},"minecraft:killed":{"minecraft:spider":1,"minecraft:skeleton":4,"minecraft:creeper":1,"minecraft:zombie":2,"minecraft:allay":2,"minecraft:rabbit":2,"minecraft:bat":3,"minecraft:villager":1},"minecraft:killed_by":{"minecraft:creeper":1,"minecraft:player":199,"minecraft:stray":1,"minecraft:spider":1},"minecraft:crafted":{"minecraft:shield":2,"minecraft:blue_shulker_box":1,"minecraft:leather_helmet":2},"minecraft:mined":{"minecraft:grass_block":3,"minecraft:powder_snow":48,"minecraft:repeater":1,"minecraft:dirt":1},"minecraft:used":{"minecraft:nether_brick_fence":9,"minecraft:moss_carpet":111,"minecraft:light_blue_stained_glass_pane":6,"minecraft:blue_terracotta":251,"minecraft:red_sand":11,"minecraft:purple_candle":140,"minecraft:melon":6,"minecraft:smooth_quartz_slab":2,"minecraft:red_sandstone_slab":3,"minecraft:spruce_slab":27,"minecraft:ladder":143,"minecraft:mangrove_fence_gate":1,"minecraft:oak_sign":174,"minecraft:mangrove_button":6,"minecraft:chest":4,"minecraft:shield":552,"minecraft:white_terracotta":98,"minecraft:stone":621,"minecraft:iron_sword":1228,"minecraft:zombie_spawn_egg":1,"minecraft:stripped_jungle_wood":423,"minecraft:white_shulker_box":1,"minecraft:grass":25,"minecraft:player_head":2,"minecraft:farmland":3,"minecraft:iron_chestplate":3,"minecraft:sculk_sensor":8,"minecraft:soul_campfire":11,"minecraft:spruce_leaves":34,"minecraft:soul_sand":1,"minecraft:cut_copper":4,"minecraft:blue_stained_glass":156,"minecraft:brick_slab":15,"minecraft:tuff":3,"minecraft:beehive":6,"minecraft:cyan_wool":23,"minecraft:milk_bucket":2,"minecraft:glass":5,"minecraft:honey_block":25,"minecraft:cyan_terracotta":296,"minecraft:lava_bucket":7,"minecraft:mangrove_log":14,"minecraft:bricks":110,"minecraft:lime_banner":22,"minecraft:villager_spawn_egg":1,"minecraft:red_wool":56,"minecraft:spruce_wood":8,"minecraft:warped_hyphae":361,"minecraft:black_stained_glass_pane":48,"minecraft:lantern":24,"minecraft:grass_block":455,"minecraft:blue_orchid":12,"minecraft:green_wool":13,"minecraft:quartz_block":49,"minecraft:warped_nylium":1,"minecraft:netherite_hoe":1,"minecraft:light_blue_bed":5,"minecraft:raw_gold_block":40,"minecraft:pink_wool":8,"minecraft:stone_brick_stairs":50,"minecraft:stone_bricks":200,"minecraft:blue_banner":7,"minecraft:item_frame":2,"minecraft:bedrock":11,"minecraft:repeater":8,"minecraft:birch_button":1,"minecraft:reinforced_deepslate":38,"minecraft:magma_block":21,"minecraft:redstone_lamp":1,"minecraft:snow":8,"minecraft:honeycomb_block":19,"minecraft:bow":3319,"minecraft:brown_carpet":3,"minecraft:hay_block":15,"minecraft:scaffolding":2,"minecraft:blue_shulker_box":65,"minecraft:pearlescent_froglight":310,"minecraft:brown_concrete_powder":187,"minecraft:lime_glazed_terracotta":17,"minecraft:light_blue_carpet":12,"minecraft:deepslate_brick_wall":20,"minecraft:dark_oak_stairs":2,"minecraft:diorite":9,"minecraft:brick_wall":9,"minecraft:spruce_door":10,"minecraft:dropper":26,"minecraft:cut_copper_slab":83,"minecraft:red_stained_glass":3,"minecraft:dark_oak_sign":14,"minecraft:powered_rail":24,"minecraft:prismarine":236,"minecraft:mangrove_planks":129,"minecraft:oak_planks":2,"minecraft:birch_wood":2965,"minecraft:sandstone":5,"minecraft:redstone_block":2,"minecraft:black_glazed_terracotta":1,"minecraft:composter":11,"minecraft:oak_leaves":104,"minecraft:white_wool":365,"minecraft:stripped_mangrove_wood":626,"minecraft:light_blue_concrete":2675,"minecraft:loom":9,"minecraft:light_blue_wool":195,"minecraft:blast_furnace":8,"minecraft:light_gray_terracotta":373,"minecraft:blue_ice":8,"minecraft:yellow_concrete":189,"minecraft:crossbow":38,"minecraft:note_block":17,"minecraft:ochre_froglight":94,"minecraft:lingering_potion":2,"minecraft:stone_brick_wall":626,"minecraft:gray_concrete":105,"minecraft:red_sandstone_wall":141,"minecraft:pumpkin_seeds":3,"minecraft:birch_fence":13,"minecraft:redstone_torch":35,"minecraft:sticky_piston":10,"minecraft:blue_glazed_terracotta":59,"minecraft:lever":9,"minecraft:black_concrete":44,"minecraft:firework_rocket":3,"minecraft:crying_obsidian":19,"minecraft:dark_oak_log":3,"minecraft:light_gray_concrete":397,"minecraft:heavy_weighted_pressure_plate":2,"minecraft:barrier":15,"minecraft:brown_wool":46,"minecraft:string":1,"minecraft:stone_button":7,"minecraft:white_glazed_terracotta":299,"minecraft:red_terracotta":143,"minecraft:iron_door":24,"minecraft:deepslate":99,"minecraft:granite_slab":3,"minecraft:magenta_stained_glass_pane":16,"minecraft:stripped_warped_hyphae":70,"minecraft:jungle_sign":27,"minecraft:grindstone":9,"minecraft:stripped_oak_wood":178,"minecraft:dark_oak_fence":8,"minecraft:smithing_table":3,"minecraft:birch_log":46,"minecraft:chain":175,"minecraft:green_concrete_powder":78,"minecraft:andesite":66,"minecraft:smooth_stone_slab":384,"minecraft:white_concrete":183,"minecraft:purple_wool":57,"minecraft:cobweb":43,"minecraft:oak_fence":12,"minecraft:purpur_block":432,"minecraft:stripped_acacia_wood":27,"minecraft:orange_concrete_powder":991,"minecraft:netherite_sword":6,"minecraft:jungle_leaves":40,"minecraft:iron_bars":41,"minecraft:stone_sword":357,"minecraft:granite_stairs":6,"minecraft:orange_concrete":424,"minecraft:flint_and_steel":42,"minecraft:red_concrete":36,"minecraft:redstone":89,"minecraft:light_gray_carpet":68,"minecraft:light_blue_terracotta":31,"minecraft:tinted_glass":7,"minecraft:ender_chest":2,"minecraft:sculk":2,"minecraft:stripped_birch_wood":91,"minecraft:stone_hoe":1,"minecraft:torch":75,"minecraft:warped_wart_block":16,"minecraft:dirt":516,"minecraft:anvil":12,"minecraft:ancient_debris":240,"minecraft:light_blue_dye":18,"minecraft:white_carpet":1,"minecraft:hopper":17,"minecraft:spruce_stairs":2,"minecraft:cobblestone_wall":12,"minecraft:stone_stairs":5,"minecraft:oak_wood":9,"minecraft:pink_carpet":22,"minecraft:spruce_fence":47,"minecraft:granite":27,"minecraft:blue_concrete":785,"minecraft:oak_fence_gate":1,"minecraft:birch_door":3,"minecraft:shroomlight":175,"minecraft:iron_hoe":1,"minecraft:stone_brick_slab":10,"minecraft:red_shulker_box":42,"minecraft:brown_terracotta":15,"minecraft:sea_lantern":137,"minecraft:bookshelf":13,"minecraft:light_gray_stained_glass":30,"minecraft:waxed_cut_copper":16,"minecraft:light_weighted_pressure_plate":1,"minecraft:iron_axe":45,"minecraft:oak_stairs":3,"minecraft:smooth_sandstone":135,"minecraft:acacia_slab":439,"minecraft:spawner":2,"minecraft:iron_boots":3,"minecraft:lime_dye":1,"minecraft:crimson_planks":7,"minecraft:melon_seeds":8,"minecraft:barrel":33,"minecraft:bamboo":141,"minecraft:basalt":213,"minecraft:purple_concrete":54,"minecraft:glowstone":241,"minecraft:raw_copper_block":50,"minecraft:lime_concrete":43,"minecraft:waxed_cut_copper_slab":6,"minecraft:black_stained_glass":108,"minecraft:magenta_wool":343,"minecraft:tall_grass":11,"minecraft:iron_trapdoor":242,"minecraft:black_dye":2,"minecraft:minecart":3,"minecraft:acacia_planks":5,"minecraft:dead_bubble_coral_block":12,"minecraft:red_dye":3,"minecraft:observer":7,"minecraft:orange_stained_glass_pane":24,"minecraft:powder_snow_bucket":56,"minecraft:light_gray_bed":2,"minecraft:iron_leggings":3,"minecraft:pointed_dripstone":5,"minecraft:brain_coral_block":1,"minecraft:water_bucket":28,"minecraft:warped_stem":21,"minecraft:amethyst_block":72,"minecraft:cobblestone_stairs":8,"minecraft:lodestone":53,"minecraft:pink_glazed_terracotta":72,"minecraft:snow_block":20,"minecraft:birch_planks":187,"minecraft:polished_andesite":27,"minecraft:lime_wool":349,"minecraft:cartography_table":12,"minecraft:blue_wool":482,"minecraft:purple_glazed_terracotta":23,"minecraft:blue_concrete_powder":28,"minecraft:spruce_sign":4,"minecraft:cauldron":3,"minecraft:white_dye":4,"minecraft:glow_ink_sac":26,"minecraft:green_bed":3,"minecraft:stonecutter":4,"minecraft:red_glazed_terracotta":9,"minecraft:cobblestone_slab":85,"minecraft:waxed_copper_block":23,"minecraft:comparator":17,"minecraft:vine":8,"minecraft:dark_prismarine_slab":33,"minecraft:crafting_table":2,"minecraft:magenta_bed":1,"minecraft:birch_sign":31,"minecraft:yellow_stained_glass_pane":20,"minecraft:campfire":7,"minecraft:white_bed":4,"minecraft:light_gray_concrete_powder":235,"minecraft:painting":11,"minecraft:brown_glazed_terracotta":107,"minecraft:mangrove_sign":2,"minecraft:smoker":2,"minecraft:cake":3,"minecraft:spruce_log":3,"minecraft:dark_oak_door":4,"minecraft:oak_log":27,"minecraft:light_blue_candle":14,"minecraft:blue_stained_glass_pane":17,"minecraft:mud":29,"minecraft:dark_prismarine":15,"minecraft:piston":23,"minecraft:yellow_dye":1,"minecraft:light":85,"minecraft:acacia_stairs":40,"minecraft:black_wool":1462,"minecraft:acacia_sign":14,"minecraft:command_block":20,"minecraft:oak_button":18,"minecraft:pig_spawn_egg":1,"minecraft:netherite_axe":142,"minecraft:magenta_concrete":325,"minecraft:jungle_stairs":15,"minecraft:leather_helmet":4,"minecraft:stone_slab":52,"minecraft:purpur_slab":47,"minecraft:spruce_trapdoor":112,"minecraft:budding_amethyst":9,"minecraft:yellow_wool":46,"minecraft:green_carpet":154,"minecraft:blue_carpet":2,"minecraft:pink_bed":4,"minecraft:cobblestone":70,"minecraft:potion":1,"minecraft:stripped_crimson_hyphae":147,"minecraft:mud_brick_wall":51,"minecraft:white_banner":2,"minecraft:chain_command_block":8,"minecraft:red_banner":1,"minecraft:lapis_block":210,"minecraft:andesite_stairs":28,"minecraft:pink_shulker_box":2,"minecraft:glass_pane":17,"minecraft:yellow_bed":3,"minecraft:goat_spawn_egg":1,"minecraft:stripped_oak_log":673,"minecraft:kelp":3,"minecraft:gray_wool":364,"minecraft:smooth_stone":1613,"minecraft:splash_potion":27,"minecraft:soul_torch":6},"minecraft:custom":{"minecraft:interact_with_crafting_table":8,"minecraft:open_barrel":3,"minecraft:open_shulker_box":119,"minecraft:clean_armor":1,"minecraft:eat_cake_slice":1,"minecraft:leave_game":94,"minecraft:time_since_death":84966,"minecraft:damage_resisted":40636,"minecraft:sprint_one_cm":3467152,"minecraft:damage_blocked_by_shield":26324,"minecraft:drop":86,"minecraft:talked_to_villager":1,"minecraft:play_time":2246840,"minecraft:deaths":292,"minecraft:jump":16798,"minecraft:interact_with_brewingstand":1,"minecraft:walk_on_water_one_cm":18117,"minecraft:interact_with_furnace":1,"minecraft:interact_with_cartography_table":2,"minecraft:interact_with_loom":2,"minecraft:sleep_in_bed":26,"minecraft:open_enderchest":28,"minecraft:damage_dealt":33512,"minecraft:interact_with_beacon":1,"minecraft:player_kills":272,"minecraft:crouch_one_cm":103307,"minecraft:interact_with_smoker":1,"minecraft:inspect_dropper":29,"minecraft:interact_with_anvil":15,"minecraft:mob_kills":16,"minecraft:inspect_hopper":12,"minecraft:fill_cauldron":3,"minecraft:climb_one_cm":175936,"minecraft:walk_one_cm":4293389,"minecraft:damage_dealt_absorbed":246,"minecraft:strider_one_cm":7690,"minecraft:sneak_time":89925,"minecraft:walk_under_water_one_cm":140725,"minecraft:boat_one_cm":3677,"minecraft:interact_with_blast_furnace":1,"minecraft:total_world_time":2246840,"minecraft:tune_noteblock":18,"minecraft:time_since_rest":84990,"minecraft:damage_taken":86656,"minecraft:minecart_one_cm":96440,"minecraft:swim_one_cm":22074,"minecraft:fly_one_cm":17422641,"minecraft:open_chest":39,"minecraft:fall_one_cm":684750},"minecraft:dropped":{"minecraft:iron_sword":4,"minecraft:item_frame":1,"minecraft:red_shulker_box":2,"minecraft:yellow_dye":9,"minecraft:chain":1,"minecraft:blue_wool":1,"minecraft:pointed_dripstone":1,"minecraft:trident":2,"minecraft:dropper":1,"minecraft:acacia_slab":1,"minecraft:white_dye":2,"minecraft:arrow":1,"minecraft:chain_command_block":3,"minecraft:yellow_concrete":1,"minecraft:netherite_axe":3,"minecraft:iron_helmet":1,"minecraft:command_block":3,"minecraft:grass_block":1,"minecraft:cobweb":1,"minecraft:iron_leggings":1,"minecraft:redstone":3,"minecraft:red_concrete":1,"minecraft:stone_sword":2,"minecraft:cocoa_beans":20,"minecraft:iron_boots":1,"minecraft:white_shulker_box":1,"minecraft:oak_sign":4,"minecraft:light":1,"minecraft:filled_map":3,"minecraft:snow":1,"minecraft:shield":1,"minecraft:oak_button":1,"minecraft:iron_chestplate":1,"minecraft:birch_sign":1,"minecraft:spruce_log":1,"minecraft:bow":3,"minecraft:purple_candle":64},"minecraft:picked_up":{"minecraft:iron_chestplate":6,"minecraft:light":1,"minecraft:string":3,"minecraft:iron_leggings":6,"minecraft:oak_sign":13,"minecraft:comparator":2,"minecraft:red_dye":5,"minecraft:redstone_torch":4,"minecraft:iron_boots":5,"minecraft:stick":2,"minecraft:torch":1,"minecraft:golden_chestplate":1,"minecraft:rabbit_foot":1,"minecraft:brown_carpet":1,"minecraft:stone_sword":2,"minecraft:rotten_flesh":4,"minecraft:cow_spawn_egg":1,"minecraft:iron_door":1,"minecraft:powder_snow_bucket":1,"minecraft:dirt":3,"minecraft:lantern":260,"minecraft:light_gray_concrete_powder":1,"minecraft:bone":2,"minecraft:bow":8,"minecraft:wheat_seeds":1,"minecraft:light_blue_dye":5,"minecraft:netherite_axe":67,"minecraft:rabbit":2,"minecraft:bamboo":6,"minecraft:powered_rail":17,"minecraft:dropper":1,"minecraft:blue_terracotta":2,"minecraft:lever":1,"minecraft:crossbow":65,"minecraft:grass":1841,"minecraft:cyan_dye":5,"minecraft:light_gray_carpet":1,"minecraft:bricks":3,"minecraft:cocoa_beans":3,"minecraft:splash_potion":1,"minecraft:ladder":6,"minecraft:shield":5,"minecraft:acacia_door":903,"minecraft:wooden_sword":6,"minecraft:item_frame":14,"minecraft:beef":27,"minecraft:blue_shulker_box":26,"minecraft:orange_dye":5,"minecraft:glow_item_frame":4,"minecraft:white_dye":1,"minecraft:trident":1,"minecraft:redstone":12,"minecraft:brown_dye":5,"minecraft:blue_carpet":27,"minecraft:purple_candle":64,"minecraft:red_shulker_box":20,"minecraft:arrow":7,"minecraft:allay_spawn_egg":9,"minecraft:white_wool":28,"minecraft:rail":4,"minecraft:leather":11,"minecraft:yellow_dye":6,"minecraft:filled_map":16,"minecraft:white_banner":8,"minecraft:kelp":41,"minecraft:stone_bricks":1,"minecraft:rabbit_hide":2,"minecraft:iron_sword":7,"minecraft:dark_oak_stairs":1,"minecraft:green_dye":5,"minecraft:pink_bed":1,"minecraft:milk_bucket":1,"minecraft:pumpkin":2,"minecraft:gravel":1,"minecraft:amethyst_shard":8,"minecraft:soul_torch":2,"minecraft:spruce_log":1,"minecraft:green_carpet":2,"minecraft:spider_eye":1,"minecraft:leather_helmet":4,"minecraft:firework_rocket":628,"minecraft:lime_dye":6,"minecraft:iron_helmet":1,"minecraft:birch_sign":5,"minecraft:oak_button":3}},"DataVersion":3218}