{"stats":{"minecraft:killed_by":{"minecraft:zombie":1},"minecraft:killed":{"minecraft:zombie":1},"minecraft:picked_up":{"minecraft:glow_item_frame":1,"minecraft:filled_map":1,"minecraft:redstone":4,"minecraft:string":1,"minecraft:rotten_flesh":1,"minecraft:shroomlight":1,"minecraft:grass":138,"minecraft:minecart":4},"minecraft:custom":{"minecraft:time_since_rest":6314,"minecraft:sprint_one_cm":31257,"minecraft:damage_taken":730,"minecraft:walk_one_cm":197878,"minecraft:drop":139,"minecraft:damage_dealt":281,"minecraft:minecart_one_cm":203939,"minecraft:fly_one_cm":474883,"minecraft:open_chest":1,"minecraft:crouch_one_cm":2785,"minecraft:play_time":109881,"minecraft:deaths":6,"minecraft:sneak_time":3309,"minecraft:walk_under_water_one_cm":5798,"minecraft:boat_one_cm":22291,"minecraft:jump":485,"minecraft:leave_game":7,"minecraft:time_since_death":6266,"minecraft:walk_on_water_one_cm":10470,"minecraft:damage_resisted":52412,"minecraft:climb_one_cm":71,"minecraft:total_world_time":109881,"minecraft:fall_one_cm":15718},"minecraft:used":{"minecraft:sticky_piston":1,"minecraft:piston":3,"minecraft:end_rod":1,"minecraft:bricks":3,"minecraft:command_block":2,"minecraft:warped_hyphae":31,"minecraft:grass_block":106,"minecraft:spruce_slab":12,"minecraft:redstone":67,"minecraft:stone_button":2,"minecraft:verdant_froglight":1,"minecraft:birch_boat":4,"minecraft:redstone_block":5,"minecraft:iron_door":1,"minecraft:glow_ink_sac":2,"minecraft:sheep_spawn_egg":2,"minecraft:jungle_sign":2,"minecraft:redstone_lamp":11,"minecraft:repeater":6,"minecraft:dirt":10,"minecraft:snow":11,"minecraft:light_blue_dye":2,"minecraft:emerald_block":1,"minecraft:lightning_rod":2},"minecraft:dropped":{"minecraft:grass":137,"minecraft:shroomlight":1,"minecraft:glow_item_frame":1}},"DataVersion":3218}