{"stats":{"minecraft:killed_by":{"minecraft:zombie":2,"minecraft:player":3},"minecraft:killed":{"minecraft:witch":1,"minecraft:spider":2,"minecraft:chicken":1,"minecraft:pig":2,"minecraft:sheep":10,"minecraft:zombie":7,"minecraft:stray":2,"minecraft:cow":1,"minecraft:rabbit":1,"minecraft:player":1},"minecraft:picked_up":{"minecraft:wooden_axe":2,"minecraft:redstone_block":7,"minecraft:iron_trapdoor":4,"minecraft:nether_brick_fence":1,"minecraft:anvil":143,"minecraft:stone_brick_stairs":3,"minecraft:sticky_piston":1,"minecraft:shroomlight":1,"minecraft:oak_sign":8,"minecraft:activator_rail":1,"minecraft:cobbled_deepslate":101,"minecraft:comparator":3,"minecraft:spruce_planks":1,"minecraft:acacia_sign":237,"minecraft:cobblestone_slab":1,"minecraft:redstone_torch":21,"minecraft:stick":3,"minecraft:tipped_arrow":1,"minecraft:big_dripleaf":33,"minecraft:torch":21,"minecraft:porkchop":1,"minecraft:snow_block":4,"minecraft:warped_button":2,"minecraft:diorite":1,"minecraft:warped_pressure_plate":1,"minecraft:brown_carpet":5,"minecraft:rotten_flesh":4,"minecraft:white_terracotta":14,"minecraft:iron_bars":1,"minecraft:snowball":960,"minecraft:cobblestone":73,"minecraft:magma_block":1,"minecraft:repeater":5,"minecraft:iron_door":4,"minecraft:brown_wool":1,"minecraft:lantern":4,"minecraft:glass":1,"minecraft:bone":1,"minecraft:wheat_seeds":1,"minecraft:glowstone_dust":6,"minecraft:bamboo":299,"minecraft:powered_rail":49,"minecraft:sheep_spawn_egg":1,"minecraft:enderman_spawn_egg":3182,"minecraft:sand":96,"minecraft:netherite_block":8,"minecraft:polished_andesite":1,"minecraft:sugar":37,"minecraft:polished_blackstone_pressure_plate":1,"minecraft:soul_lantern":1,"minecraft:lever":7,"minecraft:polished_blackstone_button":5,"minecraft:grass":4309,"minecraft:spruce_button":22,"minecraft:mangrove_button":4,"minecraft:end_stone_bricks":1,"minecraft:cocoa_beans":6,"minecraft:end_stone_brick_stairs":1,"minecraft:azure_bluet":143,"minecraft:chicken":1,"minecraft:structure_block":1,"minecraft:redstone_lamp":1,"minecraft:heavy_weighted_pressure_plate":103,"minecraft:acacia_door":54,"minecraft:snow":1,"minecraft:white_carpet":5,"minecraft:item_frame":9,"minecraft:glass_pane":1,"minecraft:detector_rail":6,"minecraft:netherite_sword":2,"minecraft:observer":5,"minecraft:poppy":2,"minecraft:spruce_slab":15,"minecraft:minecart":74,"minecraft:lime_wool":1,"minecraft:stone":3,"minecraft:glow_item_frame":18,"minecraft:stone_button":6,"minecraft:redstone":54,"minecraft:prismarine_crystals":62,"minecraft:stone_pressure_plate":38,"minecraft:dark_oak_planks":2,"minecraft:arrow":2,"minecraft:allay_spawn_egg":1,"minecraft:deepslate_bricks":1,"minecraft:warped_sign":6,"minecraft:saddle":1,"minecraft:oak_chest_boat":2,"minecraft:mutton":63,"minecraft:rail":38,"minecraft:white_wool":21,"minecraft:stripped_oak_log":5,"minecraft:yellow_dye":51,"minecraft:jungle_fence":1,"minecraft:filled_map":15,"minecraft:ochre_froglight":1,"minecraft:birch_planks":6,"minecraft:oak_log":8,"minecraft:cobblestone_stairs":1,"minecraft:white_banner":3,"minecraft:red_carpet":3,"minecraft:stone_bricks":5,"minecraft:iron_ingot":3,"minecraft:waxed_weathered_cut_copper_stairs":1,"minecraft:dark_oak_stairs":17,"minecraft:ender_dragon_spawn_egg":430,"minecraft:dripstone_block":1,"minecraft:lava_bucket":1,"minecraft:spruce_sapling":1,"minecraft:soul_torch":7,"minecraft:red_banner":1,"minecraft:blast_furnace":1,"minecraft:spruce_door":2,"minecraft:dragon_egg":22,"minecraft:honey_block":2,"minecraft:birch_sign":11,"minecraft:oak_button":3,"minecraft:coal":12,"minecraft:hopper":3,"minecraft:ender_pearl":24},"minecraft:custom":{"minecraft:open_barrel":1,"minecraft:open_shulker_box":15,"minecraft:eat_cake_slice":1,"minecraft:leave_game":59,"minecraft:time_since_death":128434,"minecraft:damage_resisted":96426,"minecraft:sprint_one_cm":1229584,"minecraft:drop":242,"minecraft:talked_to_villager":1,"minecraft:play_time":2915280,"minecraft:deaths":520,"minecraft:jump":10771,"minecraft:walk_on_water_one_cm":88696,"minecraft:open_enderchest":1,"minecraft:damage_dealt":6021,"minecraft:player_kills":2,"minecraft:crouch_one_cm":8912,"minecraft:inspect_dispenser":33,"minecraft:inspect_dropper":24,"minecraft:interact_with_anvil":2,"minecraft:mob_kills":29,"minecraft:inspect_hopper":39,"minecraft:climb_one_cm":36565,"minecraft:walk_one_cm":2395031,"minecraft:strider_one_cm":19364,"minecraft:sneak_time":51334,"minecraft:walk_under_water_one_cm":49704,"minecraft:boat_one_cm":176389,"minecraft:interact_with_blast_furnace":11,"minecraft:total_world_time":2935520,"minecraft:tune_noteblock":176,"minecraft:time_since_rest":128454,"minecraft:damage_taken":4042,"minecraft:minecart_one_cm":2674953,"minecraft:swim_one_cm":3074,"minecraft:fly_one_cm":17436242,"minecraft:open_chest":41,"minecraft:fall_one_cm":51237},"minecraft:used":{"minecraft:nether_brick_fence":608,"minecraft:spruce_slab":678,"minecraft:dispenser":18,"minecraft:ladder":40,"minecraft:oak_sign":58,"minecraft:mangrove_button":20,"minecraft:axolotl_spawn_egg":1,"minecraft:chest":16,"minecraft:stone":424,"minecraft:zombie_spawn_egg":1,"minecraft:warped_sign":31,"minecraft:bell":12,"minecraft:waxed_weathered_cut_copper_stairs":1,"minecraft:sculk_sensor":2,"minecraft:soul_campfire":1,"minecraft:spruce_leaves":66,"minecraft:debug_stick":64,"minecraft:soul_sand":2,"minecraft:birch_pressure_plate":2,"minecraft:brick_slab":2,"minecraft:deepslate_brick_slab":64,"minecraft:snowball":383,"minecraft:obsidian":364,"minecraft:jungle_sapling":20,"minecraft:frog_spawn_egg":57,"minecraft:glass":438,"minecraft:honey_block":117,"minecraft:lava_bucket":60,"minecraft:bricks":213,"minecraft:red_wool":303,"minecraft:lantern":49,"minecraft:grass_block":1520,"minecraft:panda_spawn_egg":5,"minecraft:polished_andesite_stairs":12,"minecraft:warped_nylium":12,"minecraft:dark_oak_slab":415,"minecraft:hopper_minecart":44,"minecraft:diorite_wall":21,"minecraft:stone_brick_stairs":330,"minecraft:stone_bricks":1353,"minecraft:item_frame":27,"minecraft:bedrock":21,"minecraft:repeater":275,"minecraft:redstone_lamp":268,"minecraft:magma_block":10,"minecraft:snow":345,"minecraft:brown_carpet":35,"minecraft:scaffolding":7,"minecraft:end_stone_brick_stairs":96,"minecraft:pearlescent_froglight":31,"minecraft:deepslate_brick_wall":4,"minecraft:dark_oak_stairs":54,"minecraft:diorite":111,"minecraft:end_rod":129,"minecraft:end_stone_bricks":257,"minecraft:spruce_door":6,"minecraft:dropper":6,"minecraft:witch_spawn_egg":1,"minecraft:stripped_birch_log":29,"minecraft:powered_rail":1418,"minecraft:jungle_fence":41,"minecraft:oak_planks":4,"minecraft:birch_wood":80,"minecraft:cactus":84,"minecraft:structure_void":27,"minecraft:black_glazed_terracotta":5,"minecraft:redstone_block":267,"minecraft:end_stone_brick_slab":1,"minecraft:white_wool":7,"minecraft:dark_oak_trapdoor":2,"minecraft:sand":20,"minecraft:black_banner":4,"minecraft:blast_furnace":189,"minecraft:yellow_concrete":11,"minecraft:blue_ice":325,"minecraft:dripstone_block":74,"minecraft:ochre_froglight":246,"minecraft:note_block":11,"minecraft:stone_brick_wall":11,"minecraft:end_stone":194,"minecraft:deepslate_brick_stairs":5,"minecraft:lightning_rod":4,"minecraft:redstone_torch":166,"minecraft:sticky_piston":176,"minecraft:lever":77,"minecraft:hoglin_spawn_egg":1,"minecraft:black_concrete":91,"minecraft:firework_rocket":4,"minecraft:crying_obsidian":100,"minecraft:heavy_weighted_pressure_plate":2,"minecraft:string":14,"minecraft:barrier":1,"minecraft:stone_button":43,"minecraft:white_glazed_terracotta":1,"minecraft:iron_door":28,"minecraft:polished_andesite_slab":54,"minecraft:soul_lantern":3,"minecraft:jungle_sign":2,"minecraft:dark_oak_fence":18,"minecraft:chain":31,"minecraft:andesite":159,"minecraft:deepslate_coal_ore":1,"minecraft:smooth_stone_slab":50,"minecraft:oak_boat":20,"minecraft:chest_minecart":4,"minecraft:waxed_cut_copper_stairs":56,"minecraft:white_concrete":77,"minecraft:warped_button":9,"minecraft:bone_meal":20,"minecraft:cobweb":7,"minecraft:oak_fence":36,"minecraft:purpur_block":96,"minecraft:netherite_sword":3,"minecraft:iron_bars":67,"minecraft:crimson_fence":74,"minecraft:flint_and_steel":66,"minecraft:redstone":955,"minecraft:spruce_planks":450,"minecraft:tinted_glass":25,"minecraft:mangrove_fence":30,"minecraft:structure_block":3,"minecraft:netherrack":4,"minecraft:cut_copper_stairs":2,"minecraft:orange_stained_glass":5,"minecraft:torch":685,"minecraft:end_stone_brick_wall":184,"minecraft:dragon_egg":6,"minecraft:dirt":263,"minecraft:target":24,"minecraft:anvil":11,"minecraft:white_carpet":8,"minecraft:hopper":57,"minecraft:spruce_stairs":176,"minecraft:warped_pressure_plate":4,"minecraft:spruce_fence":12,"minecraft:allay_spawn_egg":54,"minecraft:polished_diorite":118,"minecraft:birch_door":5,"minecraft:mossy_cobblestone_stairs":27,"minecraft:stone_brick_slab":401,"minecraft:dark_oak_planks":121,"minecraft:wooden_axe":15,"minecraft:sea_lantern":150,"minecraft:waxed_cut_copper":1,"minecraft:birch_chest_boat":15,"minecraft:light_weighted_pressure_plate":1,"minecraft:oak_stairs":1,"minecraft:brick_stairs":2,"minecraft:slime_block":134,"minecraft:spruce_button":23,"minecraft:warped_fence":16,"minecraft:spawner":62,"minecraft:chicken_spawn_egg":1,"minecraft:lime_dye":3,"minecraft:barrel":3,"minecraft:tripwire_hook":1,"minecraft:glowstone":318,"minecraft:waxed_cut_copper_slab":15,"minecraft:black_stained_glass":49,"minecraft:emerald_block":70,"minecraft:iron_trapdoor":33,"minecraft:soul_soil":28,"minecraft:deepslate_tile_stairs":2,"minecraft:minecart":216,"minecraft:acacia_wood":18,"minecraft:stone_pressure_plate":10,"minecraft:red_dye":23,"minecraft:observer":487,"minecraft:powder_snow_bucket":22,"minecraft:calcite":37,"minecraft:water_bucket":109,"minecraft:cobblestone_stairs":16,"minecraft:snow_block":525,"minecraft:polished_andesite":104,"minecraft:lime_wool":4,"minecraft:spruce_sign":10,"minecraft:red_mushroom_block":1,"minecraft:spruce_fence_gate":36,"minecraft:white_dye":1,"minecraft:beacon":1,"minecraft:red_glazed_terracotta":26,"minecraft:sheep_spawn_egg":3,"minecraft:llama_spawn_egg":20,"minecraft:glow_ink_sac":1,"minecraft:cobblestone_slab":117,"minecraft:deepslate_bricks":30,"minecraft:glow_item_frame":129,"minecraft:polished_blackstone_pressure_plate":7,"minecraft:polished_deepslate_slab":10,"minecraft:comparator":121,"minecraft:rail":472,"minecraft:mangrove_trapdoor":4,"minecraft:oak_slab":2,"minecraft:tnt":379,"minecraft:crimson_trapdoor":2,"minecraft:green_dye":9,"minecraft:birch_sign":135,"minecraft:white_bed":2,"minecraft:mangrove_sign":3,"minecraft:spruce_log":39,"minecraft:smoker":2,"minecraft:dark_oak_door":3,"minecraft:oak_log":394,"minecraft:mud":209,"minecraft:piston":22,"minecraft:netherite_block":134,"minecraft:light":5,"minecraft:activator_rail":12,"minecraft:waxed_exposed_cut_copper_stairs":93,"minecraft:command_block":29,"minecraft:oak_button":16,"minecraft:pig_spawn_egg":4,"minecraft:map":14,"minecraft:spruce_pressure_plate":12,"minecraft:detector_rail":91,"minecraft:spruce_trapdoor":111,"minecraft:crimson_sign":3,"minecraft:brown_stained_glass_pane":5,"minecraft:cobblestone":233,"minecraft:magenta_glazed_terracotta":15,"minecraft:red_banner":185,"minecraft:chain_command_block":2,"minecraft:glass_pane":52,"minecraft:dark_oak_chest_boat":5,"minecraft:repeating_command_block":16,"minecraft:sea_pickle":2,"minecraft:polished_blackstone_button":45,"minecraft:stripped_oak_log":52,"minecraft:smooth_stone":15,"minecraft:splash_potion":4,"minecraft:soul_torch":186},"minecraft:dropped":{"minecraft:dark_oak_stairs":1,"minecraft:ender_pearl":64,"minecraft:jungle_fence":1,"minecraft:glow_item_frame":1,"minecraft:lantern":2,"minecraft:rail":6,"minecraft:cobblestone_stairs":1,"minecraft:grass":48,"minecraft:stone_button":1,"minecraft:snowball":113,"minecraft:dark_oak_planks":2,"minecraft:lever":2,"minecraft:warped_sign":1,"minecraft:nether_brick_fence":2,"minecraft:black_glazed_terracotta":1,"minecraft:command_block_minecart":1,"minecraft:sea_lantern":1,"minecraft:ochre_froglight":1,"minecraft:spruce_slab":1,"minecraft:end_stone_bricks":1,"minecraft:glass":1,"minecraft:powered_rail":6,"minecraft:stone_brick_stairs":3,"minecraft:firework_rocket":64,"minecraft:minecart":1,"minecraft:dripstone_block":1,"minecraft:yellow_concrete":1,"minecraft:spruce_button":1,"minecraft:spruce_stairs":1,"minecraft:grass_block":2,"minecraft:enderman_spawn_egg":5154,"minecraft:end_rod":1,"minecraft:lava_bucket":2,"minecraft:diorite":1,"minecraft:iron_trapdoor":5,"minecraft:repeater":1,"minecraft:wooden_axe":2,"minecraft:jungle_leaves":1,"minecraft:redstone_block":1,"minecraft:redstone":3,"minecraft:snow_block":65,"minecraft:cocoa_beans":2,"minecraft:oak_sign":2,"minecraft:glass_pane":2,"minecraft:flint_and_steel":1,"minecraft:target":1,"minecraft:deepslate_bricks":1,"minecraft:filled_map":4,"minecraft:cobblestone_slab":2,"minecraft:stone":2,"minecraft:dragon_egg":18,"minecraft:netherite_block":3,"minecraft:blue_ice":1,"minecraft:birch_sign":1,"minecraft:stone_bricks":7,"minecraft:brown_carpet":6}},"DataVersion":3218}