{"stats":{"minecraft:broken":{"minecraft:iron_boots":2,"minecraft:leather_helmet":4,"minecraft:iron_helmet":1},"minecraft:picked_up":{"minecraft:iron_chestplate":1,"minecraft:iron_trapdoor":1,"minecraft:string":2,"minecraft:iron_leggings":1,"minecraft:oak_sign":5,"minecraft:tnt_minecart":1,"minecraft:bucket":1,"minecraft:redstone_torch":1,"minecraft:iron_boots":3,"minecraft:torch":8,"minecraft:diorite":1,"minecraft:gray_shulker_box":1,"minecraft:black_dye":2,"minecraft:stone_sword":1,"minecraft:cactus":3,"minecraft:command_block":2,"minecraft:cow_spawn_egg":1,"minecraft:cobblestone":82,"minecraft:repeater":1,"minecraft:water_bucket":1,"minecraft:dirt":1,"minecraft:lantern":46,"minecraft:bow":2,"minecraft:dark_oak_sign":1,"minecraft:netherite_axe":64,"minecraft:powered_rail":33,"minecraft:debug_stick":1,"minecraft:structure_void":1,"minecraft:light_blue_shulker_box":1,"minecraft:grass_block":1,"minecraft:spectral_arrow":66,"minecraft:slime_block":2,"minecraft:black_concrete":1,"minecraft:lever":3,"minecraft:spruce_sign":1,"minecraft:grass":10697,"minecraft:white_concrete":1,"minecraft:spruce_button":4,"minecraft:blue_banner":2,"minecraft:netherrack":1,"minecraft:bricks":1,"minecraft:cocoa_beans":69,"minecraft:ladder":9,"minecraft:shield":1,"minecraft:acacia_door":90,"minecraft:snow":2,"minecraft:item_frame":25,"minecraft:netherite_sword":1,"minecraft:oak_boat":3,"minecraft:poppy":1,"minecraft:minecart":5,"minecraft:blue_shulker_box":28,"minecraft:chest":1,"minecraft:glow_item_frame":3,"minecraft:white_dye":2,"minecraft:redstone":9,"minecraft:blue_carpet":1,"minecraft:purple_candle":1,"minecraft:red_shulker_box":14,"minecraft:allay_spawn_egg":33,"minecraft:oak_chest_boat":3,"minecraft:dark_oak_button":1,"minecraft:yellow_dye":2,"minecraft:leather":2,"minecraft:red_mushroom":3,"minecraft:ochre_froglight":2,"minecraft:filled_map":30,"minecraft:oak_log":1,"minecraft:white_banner":2,"minecraft:stone_bricks":2,"minecraft:kelp":9,"minecraft:iron_sword":2,"minecraft:oak_slab":1,"minecraft:gravel":2,"minecraft:soul_torch":12,"minecraft:spruce_door":4,"minecraft:leather_helmet":1,"minecraft:lime_dye":1,"minecraft:birch_sign":5,"minecraft:oak_button":129,"minecraft:melon_seeds":3,"minecraft:black_wool":1},"minecraft:used":{"minecraft:light_blue_stained_glass_pane":8,"minecraft:nether_brick_fence":40,"minecraft:blue_terracotta":11,"minecraft:red_sand":8,"minecraft:purple_candle":66,"minecraft:chiseled_deepslate":68,"minecraft:smooth_quartz_slab":114,"minecraft:spruce_slab":291,"minecraft:dispenser":6,"minecraft:poppy":1,"minecraft:ladder":18,"minecraft:oak_sign":114,"minecraft:chest":81,"minecraft:shield":295,"minecraft:white_terracotta":16,"minecraft:stone":163,"minecraft:iron_sword":972,"minecraft:grass":1,"minecraft:red_nether_brick_stairs":2,"minecraft:quartz_stairs":1,"minecraft:bell":6,"minecraft:tube_coral":9,"minecraft:sculk_sensor":1,"minecraft:iron_chestplate":5,"minecraft:debug_stick":76,"minecraft:blue_stained_glass":39,"minecraft:orange_wool":7,"minecraft:axolotl_bucket":56,"minecraft:milk_bucket":3,"minecraft:obsidian":20,"minecraft:lava_bucket":4,"minecraft:bricks":72,"minecraft:spruce_wood":383,"minecraft:black_stained_glass_pane":3,"minecraft:lantern":9,"minecraft:grass_block":291,"minecraft:quartz_block":481,"minecraft:dark_oak_slab":74,"minecraft:light_blue_bed":1,"minecraft:pink_wool":7,"minecraft:stone_brick_stairs":103,"minecraft:stone_bricks":356,"minecraft:item_frame":33,"minecraft:birch_trapdoor":11,"minecraft:repeater":15,"minecraft:redstone_lamp":2,"minecraft:honeycomb_block":2,"minecraft:snow":211,"minecraft:bow":438,"minecraft:blue_shulker_box":24,"minecraft:green_stained_glass_pane":4,"minecraft:seagrass":31,"minecraft:dark_oak_stairs":62,"minecraft:diorite":148,"minecraft:cow_spawn_egg":23,"minecraft:spruce_door":6,"minecraft:dark_oak_sign":16,"minecraft:acacia_trapdoor":1,"minecraft:powered_rail":321,"minecraft:oak_planks":11,"minecraft:birch_wood":46,"minecraft:cactus":5,"minecraft:redstone_block":91,"minecraft:structure_void":73,"minecraft:blue_bed":6,"minecraft:oak_leaves":17,"minecraft:smooth_quartz_stairs":70,"minecraft:white_wool":611,"minecraft:golden_apple":1,"minecraft:dark_oak_trapdoor":30,"minecraft:sand":10,"minecraft:light_blue_concrete":200,"minecraft:loom":1,"minecraft:light_blue_wool":11,"minecraft:crossbow":9,"minecraft:yellow_concrete":40,"minecraft:blue_ice":5,"minecraft:ochre_froglight":108,"minecraft:stone_brick_wall":2,"minecraft:gray_concrete":1,"minecraft:end_stone":17,"minecraft:deepslate_brick_stairs":4,"minecraft:birch_fence":5,"minecraft:redstone_torch":6,"minecraft:deepslate_tiles":59,"minecraft:sticky_piston":2,"minecraft:enderman_spawn_egg":5,"minecraft:lever":6,"minecraft:green_concrete":8,"minecraft:black_concrete":56,"minecraft:firework_rocket":13,"minecraft:dark_oak_log":1,"minecraft:gray_stained_glass_pane":12,"minecraft:string":5,"minecraft:barrier":17,"minecraft:stone_button":6,"minecraft:iron_door":3,"minecraft:gravel":151,"minecraft:soul_lantern":1,"minecraft:jungle_sign":1,"minecraft:pufferfish_bucket":4,"minecraft:stripped_oak_wood":1,"minecraft:dark_oak_fence":13,"minecraft:chain":5,"minecraft:green_concrete_powder":2,"minecraft:andesite":12,"minecraft:smooth_stone_slab":4,"minecraft:pink_stained_glass":1,"minecraft:oak_boat":2,"minecraft:white_concrete":66,"minecraft:tropical_fish_bucket":27,"minecraft:purple_wool":2,"minecraft:cobweb":2,"minecraft:oak_fence":9,"minecraft:oak_trapdoor":2,"minecraft:trident":3,"minecraft:iron_bars":4,"minecraft:stone_sword":47,"minecraft:flint_and_steel":70,"minecraft:red_concrete":70,"minecraft:armor_stand":1,"minecraft:redstone":32,"minecraft:silverfish_spawn_egg":2,"minecraft:spruce_planks":900,"minecraft:ender_chest":1,"minecraft:netherrack":1,"minecraft:oak_door":2,"minecraft:torch":6,"minecraft:dirt":226,"minecraft:anvil":6,"minecraft:light_blue_dye":2,"minecraft:white_carpet":7,"minecraft:prismarine_bricks":199,"minecraft:spruce_stairs":360,"minecraft:cod_bucket":29,"minecraft:yellow_carpet":33,"minecraft:blue_concrete":79,"minecraft:salmon_bucket":38,"minecraft:glow_lichen":9,"minecraft:spruce_fence":54,"minecraft:allay_spawn_egg":193,"minecraft:iron_hoe":1,"minecraft:ravager_spawn_egg":11,"minecraft:stone_brick_slab":33,"minecraft:red_shulker_box":28,"minecraft:dark_oak_planks":60,"minecraft:sea_lantern":71,"minecraft:bookshelf":83,"minecraft:iron_axe":180,"minecraft:slime_block":53,"minecraft:spruce_button":5,"minecraft:iron_boots":3,"minecraft:barrel":48,"minecraft:melon_seeds":1,"minecraft:light_gray_wool":5,"minecraft:tadpole_bucket":20,"minecraft:black_stained_glass":296,"minecraft:magenta_wool":12,"minecraft:emerald_block":3,"minecraft:black_dye":2,"minecraft:deepslate_tile_stairs":43,"minecraft:minecart":26,"minecraft:cooked_beef":15,"minecraft:red_dye":1,"minecraft:powder_snow_bucket":74,"minecraft:horn_coral_fan":8,"minecraft:iron_leggings":5,"minecraft:water_bucket":156,"minecraft:sandstone_stairs":8,"minecraft:lodestone":2,"minecraft:snow_block":72,"minecraft:lime_wool":21,"minecraft:blue_wool":66,"minecraft:cut_sandstone":16,"minecraft:blue_concrete_powder":28,"minecraft:cauldron":1,"minecraft:spruce_sign":15,"minecraft:white_dye":28,"minecraft:beacon":68,"minecraft:sheep_spawn_egg":2,"minecraft:glow_ink_sac":32,"minecraft:spruce_fence_gate":4,"minecraft:deepslate_bricks":35,"minecraft:conduit":15,"minecraft:glow_item_frame":9,"minecraft:polished_blackstone_pressure_plate":3,"minecraft:polished_deepslate_slab":2,"minecraft:diamond_block":28,"minecraft:rabbit_spawn_egg":2,"minecraft:rail":286,"minecraft:oak_slab":3,"minecraft:tnt":11,"minecraft:strider_spawn_egg":1,"minecraft:green_dye":1,"minecraft:birch_sign":31,"minecraft:yellow_stained_glass_pane":4,"minecraft:white_bed":3,"minecraft:light_gray_concrete_powder":5,"minecraft:fire_coral":2,"minecraft:mangrove_sign":4,"minecraft:spruce_log":185,"minecraft:purple_stained_glass":90,"minecraft:oak_log":191,"minecraft:blue_stained_glass_pane":16,"minecraft:netherite_block":1,"minecraft:dark_prismarine":19,"minecraft:yellow_dye":1,"minecraft:flower_pot":3,"minecraft:activator_rail":24,"minecraft:diamond_pickaxe":4,"minecraft:black_wool":39,"minecraft:oak_button":2,"minecraft:netherite_axe":18,"minecraft:leather_helmet":5,"minecraft:spruce_trapdoor":24,"minecraft:yellow_wool":8,"minecraft:blue_carpet":135,"minecraft:cobblestone":30,"minecraft:white_banner":5,"minecraft:red_banner":5,"minecraft:glass_pane":3,"minecraft:repeating_command_block":3,"minecraft:sea_pickle":21,"minecraft:stripped_oak_log":3,"minecraft:kelp":25,"minecraft:dandelion":1,"minecraft:gray_wool":6,"minecraft:smooth_stone":37,"minecraft:splash_potion":360},"minecraft:killed":{"minecraft:spider":1},"minecraft:custom":{"minecraft:interact_with_crafting_table":7,"minecraft:open_barrel":9,"minecraft:open_shulker_box":124,"minecraft:eat_cake_slice":7,"minecraft:leave_game":183,"minecraft:time_since_death":18087,"minecraft:damage_resisted":76296,"minecraft:sprint_one_cm":1352548,"minecraft:damage_blocked_by_shield":13827,"minecraft:drop":91,"minecraft:play_time":2015402,"minecraft:deaths":244,"minecraft:jump":5410,"minecraft:walk_on_water_one_cm":58497,"minecraft:interact_with_loom":2,"minecraft:sleep_in_bed":9,"minecraft:open_enderchest":1,"minecraft:damage_dealt":19271,"minecraft:interact_with_beacon":5,"minecraft:player_kills":77,"minecraft:crouch_one_cm":172019,"minecraft:interact_with_smoker":2,"minecraft:inspect_dispenser":17,"minecraft:inspect_dropper":1,"minecraft:interact_with_anvil":20,"minecraft:mob_kills":2,"minecraft:inspect_hopper":1,"minecraft:climb_one_cm":44616,"minecraft:walk_one_cm":2435166,"minecraft:strider_one_cm":15484,"minecraft:sneak_time":80794,"minecraft:walk_under_water_one_cm":973828,"minecraft:boat_one_cm":12487,"minecraft:interact_with_blast_furnace":1,"minecraft:total_world_time":2015402,"minecraft:tune_noteblock":24,"minecraft:pot_flower":3,"minecraft:time_since_rest":18119,"minecraft:damage_absorbed":1497,"minecraft:damage_taken":50756,"minecraft:minecart_one_cm":511260,"minecraft:swim_one_cm":203745,"minecraft:fly_one_cm":7935115,"minecraft:open_chest":39,"minecraft:aviate_one_cm":124607,"minecraft:fall_one_cm":335129},"minecraft:dropped":{"minecraft:iron_sword":3,"minecraft:leather_helmet":1,"minecraft:structure_void":1,"minecraft:dirt":2,"minecraft:grass":377,"minecraft:ochre_froglight":1,"minecraft:ladder":1,"minecraft:arrow":1,"minecraft:splash_potion":4,"minecraft:netherrack":1,"minecraft:water_bucket":1,"minecraft:black_dye":2,"minecraft:minecart":3,"minecraft:netherite_axe":129,"minecraft:iron_helmet":2,"minecraft:grass_block":1,"minecraft:stick":4,"minecraft:milk_bucket":2,"minecraft:diorite":1,"minecraft:white_concrete":1,"minecraft:iron_leggings":3,"minecraft:blue_carpet":1,"minecraft:bricks":1,"minecraft:allay_spawn_egg":18,"minecraft:cocoa_beans":6,"minecraft:iron_boots":5,"minecraft:filled_map":1,"minecraft:shield":2,"minecraft:iron_chestplate":3,"minecraft:cow_spawn_egg":2,"minecraft:bow":3,"minecraft:purple_candle":5},"minecraft:mined":{"minecraft:fire":5,"minecraft:dark_oak_stairs":1,"minecraft:birch_wall_sign":2,"minecraft:tripwire":1,"minecraft:powder_snow":2,"minecraft:poppy":2,"minecraft:glass":1,"minecraft:slime_block":2,"minecraft:wall_torch":1,"minecraft:grass":11,"minecraft:light_blue_stained_glass_pane":2,"minecraft:ladder":4,"minecraft:stripped_oak_log":1,"minecraft:tall_grass":12,"minecraft:blue_bed":1,"minecraft:cactus":1,"minecraft:black_wool":1,"minecraft:ochre_froglight":1,"minecraft:stone_bricks":3},"minecraft:killed_by":{"minecraft:creeper":1,"minecraft:player":156},"minecraft:crafted":{"minecraft:shield":4,"minecraft:leather_helmet":7}},"DataVersion":3218}