{"stats":{"minecraft:killed_by":{"minecraft:player":10,"minecraft:creeper":1,"minecraft:phantom":1},"minecraft:picked_up":{"minecraft:tipped_arrow":1,"minecraft:crafting_table":1,"minecraft:torch":1,"minecraft:gravel":7,"minecraft:flint":2,"minecraft:soul_torch":1,"minecraft:spruce_log":6,"minecraft:dirt":1,"minecraft:blue_bed":1,"minecraft:bone":1,"minecraft:arrow":1,"minecraft:netherite_sword":1,"minecraft:glowstone_dust":8,"minecraft:sugar_cane":1,"minecraft:cobblestone":36},"minecraft:mined":{"minecraft:glowstone":3,"minecraft:soul_torch":1,"minecraft:spruce_log":6,"minecraft:powder_snow":59,"minecraft:crafting_table":1,"minecraft:grass_block":1,"minecraft:gravel":9,"minecraft:spruce_leaves":2,"minecraft:stone":36,"minecraft:blue_bed":1,"minecraft:wall_torch":1},"minecraft:custom":{"minecraft:time_since_rest":1214,"minecraft:sprint_one_cm":37518,"minecraft:damage_taken":3688,"minecraft:walk_one_cm":46990,"minecraft:damage_dealt":280,"minecraft:interact_with_crafting_table":3,"minecraft:fly_one_cm":315962,"minecraft:player_kills":1,"minecraft:open_chest":4,"minecraft:crouch_one_cm":1520,"minecraft:play_time":40889,"minecraft:deaths":14,"minecraft:sneak_time":1368,"minecraft:jump":425,"minecraft:leave_game":3,"minecraft:time_since_death":1189,"minecraft:walk_on_water_one_cm":147,"minecraft:total_world_time":40889,"minecraft:fall_one_cm":14186},"minecraft:killed":{"minecraft:player":1},"minecraft:used":{"minecraft:stone_pickaxe":27,"minecraft:wooden_pickaxe":9,"minecraft:stone_axe":2,"minecraft:glowstone":1,"minecraft:dirt":2,"minecraft:crafting_table":1},"minecraft:crafted":{"minecraft:crafting_table":1,"minecraft:spruce_planks":24,"minecraft:stick":12,"minecraft:wooden_pickaxe":1,"minecraft:stone_pickaxe":1,"minecraft:wooden_axe":1,"minecraft:stone_axe":1,"minecraft:glowstone":1}},"DataVersion":3120}