{"stats":{"minecraft:killed_by":{"minecraft:spider":1},"minecraft:custom":{"minecraft:time_since_rest":27258,"minecraft:interact_with_furnace":4,"minecraft:sprint_one_cm":179119,"minecraft:damage_taken":580,"minecraft:walk_one_cm":146994,"minecraft:interact_with_anvil":3,"minecraft:mob_kills":1,"minecraft:drop":5,"minecraft:damage_dealt":30,"minecraft:tune_noteblock":12,"minecraft:fly_one_cm":1227466,"minecraft:open_chest":35,"minecraft:interact_with_loom":4,"minecraft:crouch_one_cm":1197,"minecraft:play_time":120921,"minecraft:deaths":5,"minecraft:sneak_time":3560,"minecraft:walk_under_water_one_cm":9026,"minecraft:boat_one_cm":2142,"minecraft:jump":442,"minecraft:interact_with_brewingstand":2,"minecraft:interact_with_blast_furnace":5,"minecraft:leave_game":3,"minecraft:time_since_death":27238,"minecraft:walk_on_water_one_cm":2756,"minecraft:climb_one_cm":1388,"minecraft:total_world_time":120921,"minecraft:damage_resisted":700,"minecraft:fall_one_cm":4586},"minecraft:picked_up":{"minecraft:yellow_dye":1,"minecraft:white_banner":2},"minecraft:dropped":{"minecraft:snow_block":1,"minecraft:snow":1,"minecraft:netherite_sword":1,"minecraft:mangrove_sign":1,"minecraft:white_wool":1},"minecraft:used":{"minecraft:oak_log":51,"minecraft:dark_oak_stairs":180,"minecraft:writable_book":3,"minecraft:black_concrete":91,"minecraft:acacia_sign":1,"minecraft:flint_and_steel":1,"minecraft:snow_block":52,"minecraft:light_gray_concrete":1,"minecraft:red_concrete":85,"minecraft:grass_block":1,"minecraft:spruce_slab":1,"minecraft:barrier":5,"minecraft:string":52,"minecraft:oak_sign":7,"minecraft:white_terracotta":230,"minecraft:dark_oak_slab":257,"minecraft:torch":6,"minecraft:debug_stick":35,"minecraft:white_wool":72,"minecraft:pink_concrete":95,"minecraft:soul_sand":3,"minecraft:anvil":2,"minecraft:snow":15,"minecraft:loom":2,"minecraft:spruce_stairs":3,"minecraft:red_banner":61,"minecraft:white_concrete":115,"minecraft:mangrove_sign":1,"minecraft:powder_snow_bucket":8,"minecraft:obsidian":8},"minecraft:killed":{"minecraft:spider":1}},"DataVersion":3218}