{"stats":{"minecraft:picked_up":{"minecraft:cocoa_beans":1,"minecraft:redstone_block":3,"minecraft:repeater":2,"minecraft:nether_brick_fence":2,"minecraft:iron_door":2,"minecraft:redstone_lamp":1,"minecraft:brown_wool":1,"minecraft:jungle_fence":1,"minecraft:filled_map":7,"minecraft:snow":1,"minecraft:white_carpet":6,"minecraft:item_frame":1,"minecraft:bone":2,"minecraft:comparator":2,"minecraft:crimson_fence":1,"minecraft:netherite_sword":3,"minecraft:waxed_weathered_cut_copper_stairs":1,"minecraft:redstone_torch":10,"minecraft:observer":6,"minecraft:light_gray_wool":1,"minecraft:minecart":8,"minecraft:powered_rail":1,"minecraft:tipped_arrow":1,"minecraft:sheep_spawn_egg":1,"minecraft:stone":1,"minecraft:glow_item_frame":6,"minecraft:torch":6,"minecraft:note_block":1,"minecraft:snow_block":1,"minecraft:soul_torch":1,"minecraft:warped_button":2,"minecraft:redstone":7,"minecraft:polished_andesite":1,"minecraft:arrow":2,"minecraft:repeating_command_block":1,"minecraft:rotten_flesh":2,"minecraft:slime_block":1,"minecraft:lever":2,"minecraft:honey_block":1,"minecraft:grass":139,"minecraft:warped_sign":2,"minecraft:glowstone":1,"minecraft:spruce_button":2,"minecraft:mutton":48,"minecraft:obsidian":1,"minecraft:hopper":1,"minecraft:snowball":13,"minecraft:white_wool":10,"minecraft:mangrove_button":2},"minecraft:used":{"minecraft:nether_brick_fence":2,"minecraft:netherite_sword":53,"minecraft:snow_block":240,"minecraft:powered_rail":17,"minecraft:stone":2,"minecraft:redstone_block":3,"minecraft:grass":1,"minecraft:white_wool":11,"minecraft:torch":5,"minecraft:tnt":31,"minecraft:blue_ice":6,"minecraft:snowball":21,"minecraft:redstone_torch":6,"minecraft:command_block":5,"minecraft:grass_block":5,"minecraft:detector_rail":4,"minecraft:iron_door":1,"minecraft:item_frame":1,"minecraft:minecart":7},"minecraft:killed":{"minecraft:spider":1,"minecraft:creeper":1,"minecraft:sheep":9,"minecraft:zombie":2,"minecraft:stray":1,"minecraft:player":10},"minecraft:custom":{"minecraft:mob_kills":15,"minecraft:inspect_hopper":1,"minecraft:leave_game":8,"minecraft:time_since_death":21852,"minecraft:climb_one_cm":2052,"minecraft:time_since_rest":22046,"minecraft:sprint_one_cm":116595,"minecraft:damage_taken":2876,"minecraft:walk_one_cm":224274,"minecraft:drop":75,"minecraft:minecart_one_cm":32902,"minecraft:damage_dealt":3536,"minecraft:fly_one_cm":941589,"minecraft:player_kills":10,"minecraft:open_chest":1,"minecraft:crouch_one_cm":4262,"minecraft:play_time":180774,"minecraft:deaths":34,"minecraft:sneak_time":2721,"minecraft:walk_under_water_one_cm":11270,"minecraft:boat_one_cm":1818,"minecraft:jump":1475,"minecraft:walk_on_water_one_cm":2029,"minecraft:total_world_time":180774,"minecraft:fall_one_cm":9293},"minecraft:dropped":{"minecraft:cocoa_beans":2,"minecraft:minecart":7,"minecraft:grass":65,"minecraft:snowball":1},"minecraft:killed_by":{"minecraft:player":2,"minecraft:spider":1,"minecraft:phantom":1,"minecraft:zombie":3}},"DataVersion":3218}