{"stats":{"minecraft:custom":{"minecraft:jump":18,"minecraft:time_since_rest":4929,"minecraft:minecart_one_cm":6293,"minecraft:crouch_one_cm":6,"minecraft:leave_game":4,"minecraft:sprint_one_cm":3812,"minecraft:play_time":4929,"minecraft:time_since_death":4929,"minecraft:walk_on_water_one_cm":113,"minecraft:walk_one_cm":2417,"minecraft:sneak_time":432,"minecraft:total_world_time":6019,"minecraft:walk_under_water_one_cm":86,"minecraft:fall_one_cm":780,"minecraft:fly_one_cm":101101}},"DataVersion":3218}