{"stats":{"minecraft:picked_up":{"minecraft:sweet_berries":5,"minecraft:rotten_flesh":2,"minecraft:grass":1923,"minecraft:rabbit":1},"minecraft:dropped":{"minecraft:rotten_flesh":2,"minecraft:grass":291,"minecraft:cocoa_beans":2},"minecraft:custom":{"minecraft:time_since_rest":51,"minecraft:open_chest":20,"minecraft:crouch_one_cm":4433,"minecraft:inspect_dropper":1,"minecraft:play_time":37836,"minecraft:sprint_one_cm":103947,"minecraft:walk_one_cm":77920,"minecraft:damage_taken":3220,"minecraft:deaths":14,"minecraft:sneak_time":1700,"minecraft:walk_under_water_one_cm":1433,"minecraft:drop":295,"minecraft:jump":457,"minecraft:inspect_hopper":3,"minecraft:damage_dealt":172,"minecraft:minecart_one_cm":51855,"minecraft:leave_game":1,"minecraft:time_since_death":0,"minecraft:walk_on_water_one_cm":5066,"minecraft:climb_one_cm":4582,"minecraft:sleep_in_bed":4,"minecraft:total_world_time":37836,"minecraft:interact_with_smoker":1,"minecraft:swim_one_cm":5774,"minecraft:interact_with_crafting_table":1,"minecraft:fall_one_cm":34660,"minecraft:tune_noteblock":3,"minecraft:fly_one_cm":96523},"minecraft:used":{"minecraft:sweet_berries":2},"minecraft:killed_by":{"minecraft:skeleton":2,"minecraft:stray":2,"minecraft:creeper":2,"minecraft:enderman":2}},"DataVersion":3218}