{"stats":{"minecraft:broken":{"minecraft:leather_helmet":3,"minecraft:iron_boots":1,"minecraft:shield":1},"minecraft:killed":{"minecraft:spider":1,"minecraft:skeleton":1,"minecraft:warden":5,"minecraft:zombie":3,"minecraft:stray":1},"minecraft:killed_by":{"minecraft:player":82,"minecraft:warden":2},"minecraft:used":{"minecraft:trident":1,"minecraft:light_blue_stained_glass_pane":12,"minecraft:orange_concrete_powder":3,"minecraft:netherite_sword":13,"minecraft:stone_sword":1,"minecraft:purple_candle":1,"minecraft:chiseled_deepslate":9,"minecraft:flint_and_steel":57,"minecraft:smooth_quartz_slab":4,"minecraft:spruce_slab":205,"minecraft:redstone":19,"minecraft:ladder":24,"minecraft:polished_basalt":152,"minecraft:chest":7,"minecraft:spruce_planks":80,"minecraft:shield":688,"minecraft:tinted_glass":68,"minecraft:ender_chest":1,"minecraft:stone":272,"minecraft:iron_sword":289,"minecraft:soul_campfire":1,"minecraft:sculk_sensor":4,"minecraft:iron_chestplate":1,"minecraft:white_candle":3,"minecraft:debug_stick":208,"minecraft:torch":23,"minecraft:dirt":22,"minecraft:spruce_stairs":776,"minecraft:deepslate_brick_slab":33,"minecraft:spruce_fence":121,"minecraft:granite":23,"minecraft:milk_bucket":2,"minecraft:obsidian":1,"minecraft:shroomlight":2,"minecraft:stone_brick_slab":140,"minecraft:red_shulker_box":3,"minecraft:dark_oak_planks":102,"minecraft:lava_bucket":20,"minecraft:bricks":30,"minecraft:spruce_wood":24,"minecraft:lantern":42,"minecraft:iron_axe":69,"minecraft:spruce_button":35,"minecraft:brick_stairs":2,"minecraft:netherite_hoe":6,"minecraft:dark_oak_slab":138,"minecraft:iron_boots":1,"minecraft:stone_brick_stairs":372,"minecraft:stone_bricks":596,"minecraft:yellow_concrete_powder":4,"minecraft:repeater":5,"minecraft:redstone_lamp":79,"minecraft:bow":595,"minecraft:iron_trapdoor":2,"minecraft:blue_shulker_box":1,"minecraft:furnace":1,"minecraft:deepslate_tile_stairs":76,"minecraft:minecart":1,"minecraft:cooked_beef":4,"minecraft:pearlescent_froglight":1,"minecraft:observer":21,"minecraft:powder_snow_bucket":71,"minecraft:light_gray_bed":6,"minecraft:oak_chest_boat":4,"minecraft:iron_leggings":1,"minecraft:deepslate_brick_wall":22,"minecraft:dark_oak_stairs":293,"minecraft:water_bucket":38,"minecraft:cobblestone_stairs":4,"minecraft:spruce_door":1,"minecraft:snow_block":64,"minecraft:powered_rail":13,"minecraft:dark_oak_sign":10,"minecraft:redstone_block":9,"minecraft:structure_void":3,"minecraft:spruce_sign":52,"minecraft:white_dye":28,"minecraft:glow_ink_sac":28,"minecraft:cobblestone_slab":7,"minecraft:spruce_fence_gate":1,"minecraft:deepslate_bricks":829,"minecraft:polished_blackstone_pressure_plate":2,"minecraft:polished_deepslate_slab":29,"minecraft:light_gray_banner":12,"minecraft:rail":78,"minecraft:comparator":2,"minecraft:light_blue_concrete":1,"minecraft:tnt":5,"minecraft:crafting_table":2,"minecraft:yellow_stained_glass_pane":7,"minecraft:crossbow":38,"minecraft:yellow_concrete":21,"minecraft:sculk_shrieker":1,"minecraft:campfire":4,"minecraft:stone_brick_wall":1,"minecraft:cake":1,"minecraft:spruce_log":2023,"minecraft:smoker":1,"minecraft:pumpkin_seeds":9,"minecraft:deepslate_brick_stairs":631,"minecraft:deepslate_tiles":165,"minecraft:oak_log":354,"minecraft:lever":10,"minecraft:wooden_hoe":5,"minecraft:light":5,"minecraft:activator_rail":7,"minecraft:black_concrete":4,"minecraft:firework_rocket":83,"minecraft:dark_oak_log":506,"minecraft:command_block":3,"minecraft:barrier":8,"minecraft:light_gray_candle":15,"minecraft:stone_button":2,"minecraft:netherite_axe":17,"minecraft:tnt_minecart":278,"minecraft:leather_helmet":1,"minecraft:spruce_trapdoor":47,"minecraft:iron_door":6,"minecraft:soul_lantern":14,"minecraft:pink_bed":1,"minecraft:jungle_sign":1,"minecraft:cobblestone":14,"minecraft:chain":13,"minecraft:glass_pane":14,"minecraft:smooth_stone_slab":4,"minecraft:oak_boat":1,"minecraft:splash_potion":9,"minecraft:smooth_stone":4},"minecraft:custom":{"minecraft:interact_with_anvil":1,"minecraft:mob_kills":12,"minecraft:open_shulker_box":22,"minecraft:eat_cake_slice":7,"minecraft:leave_game":19,"minecraft:time_since_death":49598,"minecraft:climb_one_cm":14399,"minecraft:damage_resisted":700,"minecraft:sprint_one_cm":435938,"minecraft:walk_one_cm":1612187,"minecraft:damage_blocked_by_shield":40667,"minecraft:drop":136,"minecraft:play_time":897550,"minecraft:deaths":120,"minecraft:sneak_time":26866,"minecraft:walk_under_water_one_cm":61215,"minecraft:boat_one_cm":192740,"minecraft:jump":2596,"minecraft:walk_on_water_one_cm":6722,"minecraft:total_world_time":897550,"minecraft:sleep_in_bed":1,"minecraft:time_since_rest":5980,"minecraft:damage_taken":28021,"minecraft:minecart_one_cm":32047,"minecraft:damage_dealt":31735,"minecraft:fly_one_cm":3308034,"minecraft:player_kills":97,"minecraft:open_chest":12,"minecraft:crouch_one_cm":28364,"minecraft:aviate_one_cm":1261012,"minecraft:fall_one_cm":112529},"minecraft:dropped":{"minecraft:iron_sword":1,"minecraft:dark_oak_stairs":1,"minecraft:oak_log":1,"minecraft:minecart":2,"minecraft:netherite_axe":128,"minecraft:lantern":2,"minecraft:grass":24,"minecraft:milk_bucket":1,"minecraft:yellow_dye":14,"minecraft:black_concrete":1,"minecraft:light_blue_stained_glass_pane":1,"minecraft:string":1,"minecraft:white_wool":1,"minecraft:pink_bed":1,"minecraft:cocoa_beans":18,"minecraft:obsidian":1,"minecraft:flint_and_steel":2,"minecraft:deepslate_bricks":13,"minecraft:yellow_stained_glass_pane":1,"minecraft:filled_map":1,"minecraft:cake":1,"minecraft:spider_eye":1,"minecraft:arrow":1,"minecraft:campfire":2,"minecraft:purple_candle":65},"minecraft:picked_up":{"minecraft:iron_chestplate":2,"minecraft:splash_potion":2,"minecraft:ladder":1,"minecraft:stone_brick_stairs":1,"minecraft:shield":2,"minecraft:string":1,"minecraft:iron_leggings":2,"minecraft:oak_sign":2,"minecraft:glass_pane":1,"minecraft:activator_rail":1,"minecraft:oak_boat":1,"minecraft:poppy":8,"minecraft:minecart":1,"minecraft:iron_boots":2,"minecraft:torch":1,"minecraft:stone_button":2,"minecraft:trident":1,"minecraft:redstone":6,"minecraft:blue_carpet":11,"minecraft:dark_oak_planks":1,"minecraft:purple_candle":65,"minecraft:stone_sword":1,"minecraft:arrow":2,"minecraft:rotten_flesh":4,"minecraft:deepslate_bricks":26,"minecraft:oak_chest_boat":4,"minecraft:rail":3,"minecraft:cobblestone":102,"minecraft:potato":1,"minecraft:oak_log":2,"minecraft:dirt":11,"minecraft:lantern":2,"minecraft:white_banner":1,"minecraft:mangrove_fence":1,"minecraft:stone_bricks":1,"minecraft:bow":2,"minecraft:wheat_seeds":1,"minecraft:netherite_axe":129,"minecraft:powered_rail":6,"minecraft:iron_sword":2,"minecraft:dark_oak_stairs":2,"minecraft:dark_oak_slab":1,"minecraft:dandelion":4,"minecraft:gravel":8,"minecraft:spruce_log":3,"minecraft:spectral_arrow":58,"minecraft:dark_oak_log":1,"minecraft:spider_eye":1,"minecraft:spruce_door":1,"minecraft:leather_helmet":1,"minecraft:pumpkin_seeds":6,"minecraft:light_gray_candle":3,"minecraft:campfire":1,"minecraft:yellow_stained_glass_pane":1,"minecraft:iron_helmet":1,"minecraft:birch_sign":1,"minecraft:grass":24,"minecraft:spruce_sign":2,"minecraft:spruce_button":3,"minecraft:bricks":1,"minecraft:coal":1}},"DataVersion":3218}