{"stats":{"minecraft:custom":{"minecraft:time_since_rest":22717,"minecraft:crouch_one_cm":1382,"minecraft:play_time":57878,"minecraft:sprint_one_cm":19277,"minecraft:deaths":6,"minecraft:damage_taken":1460,"minecraft:walk_one_cm":41059,"minecraft:sneak_time":803,"minecraft:jump":407,"minecraft:damage_dealt":30,"minecraft:leave_game":8,"minecraft:time_since_death":22691,"minecraft:total_world_time":57878,"minecraft:fall_one_cm":17247,"minecraft:fly_one_cm":137614,"minecraft:inspect_dispenser":1},"minecraft:used":{"minecraft:lever":1,"minecraft:snow":1,"minecraft:snow_block":26,"minecraft:end_stone":48,"minecraft:snowball":24,"minecraft:obsidian":3},"minecraft:picked_up":{"minecraft:black_glazed_terracotta":1,"minecraft:gravel":5,"minecraft:flint":1,"minecraft:dirt":9,"minecraft:snowball":24,"minecraft:cobblestone":25}},"DataVersion":3218}