{"stats":{"minecraft:used":{"minecraft:amethyst_cluster":1,"minecraft:netherite_sword":7,"minecraft:snow":7,"minecraft:snow_block":12,"minecraft:iron_axe":2,"minecraft:oak_planks":1},"minecraft:custom":{"minecraft:time_since_rest":39296,"minecraft:crouch_one_cm":32,"minecraft:play_time":278790,"minecraft:sprint_one_cm":36795,"minecraft:deaths":5,"minecraft:damage_taken":845,"minecraft:walk_one_cm":27329,"minecraft:sneak_time":480,"minecraft:walk_under_water_one_cm":84,"minecraft:jump":321,"minecraft:minecart_one_cm":87098,"minecraft:interact_with_grindstone":3,"minecraft:damage_dealt":295,"minecraft:leave_game":25,"minecraft:walk_on_water_one_cm":164,"minecraft:time_since_death":39275,"minecraft:total_world_time":278790,"minecraft:damage_resisted":8120,"minecraft:swim_one_cm":453,"minecraft:fall_one_cm":11669,"minecraft:fly_one_cm":273861,"minecraft:player_kills":1},"minecraft:picked_up":{"minecraft:anvil":10,"minecraft:dandelion":3,"minecraft:sand":11},"minecraft:killed_by":{"minecraft:zombie":1,"minecraft:player":1}},"DataVersion":3218}