{"stats":{"minecraft:killed_by":{"minecraft:creeper":1},"minecraft:used":{"minecraft:white_wool":125,"minecraft:white_terracotta":203},"minecraft:custom":{"minecraft:jump":133,"minecraft:time_since_rest":9685,"minecraft:leave_game":1,"minecraft:damage_dealt":23,"minecraft:crouch_one_cm":4139,"minecraft:deaths":1,"minecraft:sprint_one_cm":5950,"minecraft:play_time":12404,"minecraft:damage_taken":280,"minecraft:time_since_death":9657,"minecraft:walk_one_cm":26745,"minecraft:sneak_time":1127,"minecraft:total_world_time":12404,"minecraft:fall_one_cm":2624,"minecraft:fly_one_cm":38100}},"DataVersion":3218}