{"stats":{"minecraft:used":{"minecraft:bedrock":258,"minecraft:oak_sign":4,"minecraft:iron_bars":6,"minecraft:red_bed":2},"minecraft:picked_up":{"minecraft:bedrock":1,"minecraft:oak_sign":1,"minecraft:red_bed":1},"minecraft:custom":{"minecraft:jump":56,"minecraft:open_chest":8,"minecraft:time_since_rest":32251,"minecraft:damage_dealt":10,"minecraft:crouch_one_cm":1356,"minecraft:leave_game":3,"minecraft:sprint_one_cm":2662,"minecraft:play_time":32251,"minecraft:damage_taken":10,"minecraft:time_since_death":32251,"minecraft:walk_one_cm":25681,"minecraft:sneak_time":1250,"minecraft:total_world_time":32251,"minecraft:climb_one_cm":180,"minecraft:fall_one_cm":335,"minecraft:fly_one_cm":69592}},"DataVersion":3120}