{"stats":{"minecraft:used":{"minecraft:splash_potion":1},"minecraft:custom":{"minecraft:jump":21,"minecraft:time_since_rest":2451,"minecraft:leave_game":1,"minecraft:crouch_one_cm":535,"minecraft:open_shulker_box":1,"minecraft:sprint_one_cm":5790,"minecraft:play_time":2451,"minecraft:damage_taken":100,"minecraft:time_since_death":2429,"minecraft:walk_one_cm":5323,"minecraft:sneak_time":200,"minecraft:damage_resisted":700,"minecraft:total_world_time":2451,"minecraft:fall_one_cm":3043,"minecraft:fly_one_cm":3543},"minecraft:picked_up":{"minecraft:minecart":3,"minecraft:filled_map":2}},"DataVersion":3218}